青十,50,力荐,2019-05-19 00:21:05,开了无数枪，死了十个人。大概是这么多年最凶狠的国产片，很难得！
桃桃林林,40,推荐,2019-05-19 02:10:23,7分吧，风格很突出，华语片挺难得。某种程度上，这其实是对《白日焰火》的一次呼应，或者说，以这种方式，给《白日焰火》中的桂纶镁一次补偿。影像上则更风格化，也是最考验观众的一环，光影是黑色电影式的，非常人为的布光，各种对影子的使用，一个被阴影覆盖的城市。之前也曾考虑胡歌和廖凡角色可以互换，但还是这样更好，因为胡歌出演这个角色，才会让观众对这个角色的感情更为复杂，而非好与坏的二元对立。同时，借角色的逃亡，去环视那些光怪陆离
水怪,50,力荐,2019-05-19 00:26:09,比预期还惊艳，绝对要看最好的大银幕！塑料城市CBD幕下的城中村飞地挽歌，极其绝妙而高级的双层猫鼠互文游戏。如果说白日焰火是对逝去年代的悲情感怀，那南方车站则是聚焦最为当下的，被驱逐的，多余的人与事，堪称非遗性的影像保护。
妹注销,40,推荐,2019-05-19 01:04:49,电影没有沉浸在传统中国电影模式中，在美学上有创新。也被角色吸引，胡歌作为电影新人这份答卷交得不错。
郭连凯,40,推荐,2019-05-19 01:26:15,对于国内观众或许是一次挑战，但对于雷弗恩粉丝来讲，这种视觉系的视听和留白的叙事正好符合我的节奏，手部特写借鉴布列松，追踪戏看出《M就是凶手》，潮湿黑暗的环境和紧窄的巷道也是黑色电影的元素传承，另外还贡献了几场华语电影少有的情欲戏和斩杀戏。
南悠一,40,推荐,2019-05-19 00:59:38,人物与环境的关系在这部作品里变得极为重要，人物并不是扁平，而是人物被环境融化（戏剧脸谱化）了。尤其在满墙的报纸和新闻图片里，与剧情无关的旧新闻挟持了男主角的痛苦。我们不得不考虑艺术家有限的表达空间，从而肯定这部电影在强化个体和时代的关系上走出了一条新路，更或许男主角和女主角走走停停，背后或许有贾樟柯的影子的，而美丽的梭罗河又是一腔内在的姜文（黄秋生弹唱）情怀。当时代的列车在头顶上呼啸走过，桂纶镁、胡歌、你、我或者谁的“呻吟”和“呢喃”便都听不清了……
HarperDie,40,推荐,2019-05-19 01:14:23,野鹅塘湖区，一场由电瓶车引发的惨案，鼓噪出小镇一隅柔黄湿粉的浮世绘。恃凶者贪于汇聚、稽查者享于汇聚、甚至连路人都乐于汇聚其中，谁也无法置身罪案之外。刁亦男用近乎执拗的视觉光影，为暴力着上如梦似幻的脚注，更制造了专属于他的血腥奇观。
Cyril,40,推荐,2019-05-19 01:21:36,刁亦男的美学向来自成一体，这次居然更加极致，雨夜追逐可以入选年度最佳镜头。影片本身充满了导演语境下的疏离感，命运的车轮滚滚向前，所有角色的挣扎与和解都令人唏嘘。刁亦男调教演员功力令人叹服，在他的镜头之下，桂纶镁一如既往绽放着缥缈的美丽，而胡歌拥有了破碎的梦幻色彩。
Kimberly,50,力荐,2019-05-19 00:41:10,感恩戛纳！我跟胡歌看了同一场世界首映！放映结束后一波波的掌声不断，来自世界各地的掌声，中国电影真的又进一步！
我可我可我可,40,推荐,2019-05-19 01:15:33,坐在电影院有那么一瞬间，我以为回了家，而不是在戛纳。电影里的街道都看见了童年
木卫二,50,力荐,2019-11-22 22:15:25,夜行动物的低徊趣味。从开场的高架桥墩柱，到车站候车室，再到人头蛇身美女的空房间，周泽农和刘爱爱转悠了许多地方，从城中村到野鹅湖，终于无处可去。以高架桥段落为例，观众会跟着镜头，绕转，移动，从胡歌的脸，到桂纶镁的影子。路过的车灯，手上的烟支，洒落的雨水，挑动起观众的通感，观察，端倪，推测人物身份，拼贴事件始末。虽然伴随凶杀，但《南方车站的聚会》的趣味，像墨水稀释在水中，慢慢释放到它的环境，也就是整个电影的场——从建筑，车辆，人群，湖水到天色。它们，才是这部电影的最大主角。
木由,40,推荐,2019-11-29 05:47:26,那只给面加醋让时间暂停的手，是命运对他最后的温柔。
吓死了,40,推荐,2019-05-19 01:12:21,题材很有突破性，对导演和演员都是一次挑战。刁亦男上次柏林拿了金熊，今年作为唯一入围主竞赛单元的华语电影，不是没有道理的。
江湖骗子,40,推荐,2019-05-19 01:14:27,“如果生命注定是场失败，如果崩溃必将到来，我们便尤其赞赏那些自觉地选择了这失败并彻底承担起这一失败的人。” ——写给周泽农
凌睿,40,推荐,2019-12-06 15:57:34,"和《无人区》《荒蛮故事》异曲同工，都是鸡毛蒜皮的小事演变成命案的故事。
本来这件事都翻篇了，黄毛还要去开一枪，不仅导致自己被爆头，还连累周泽农被追杀，才有后来的把警察看成了猫眼、猫耳将其误杀。
猫眼、猫耳是典型的不在乎杀人坐牢的人，招惹了他们，要么他们把你打死，他们坐牢，要么你把他们打死，你坐牢，赢了输了都没好下场。
宁愿吃点小亏，也不要和他们硬碰硬，这就是垃圾人定律。
要是黄毛不开那一枪，就没有后面的事了。
当然，如果不发生这件事，周泽农也不会发现所谓的义气是多么的不堪一击。
只需30万，就能让任何一个出生入死的兄弟出卖你。
被常朝出卖，被华华出卖，被刘爱爱出卖……
他知道这次逃不掉了，反正横竖都是被卖，不如卖给家人孩子。
这世界太现实了，凡事都有一个价格，甚至连人命都明码标价，想想就让人不寒而栗。"
MoonWingker,50,力荐,2019-05-19 03:40:49,"一部个人风格独特充满了创新的电影！镜头每一桢都精雕细琢。几乎都是夜戏，所言不虚，各种各样的灯光和布景下夜色绚丽奇幻不可思议。黑帮戏的追逐戏，打斗戏，枪战戏也有导演独特的表现方式。刁亦男在坚持自己的艺术风格实验自己独特的美学和叙事角度。
我喜欢这个故事，纠结的欲望，迷离的爱情，荒诞而又真实的故事，猝不及防的黑色幽默。
周泽农的角色随着故事渐入佳境，在最后的场景里，一头走投无路的野兽对生命最后的贪婪和不舍。如果要用一个词来形容他，就是阴郁。这个颓废，阴沉有些秀气的黑帮分子像奄奄一息的野花，却又时时露出嗜血残忍的生命力。有着野兽的本能，对于生存极度的渴望，最后反而为了人性压制了这种本能。这个角色最终脱离了演员胡歌本身而有了自己的生命。"
法兰西胶片,50,力荐,2019-12-02 09:29:47,四星半。黑暗里，一切迷乱的光源都是伪造的。要不是有社会新闻作证，这出“天注定”刁亦男应该都不敢拍。导演太文人，深度怀念着早已在这个时代绝迹的伦理机制和英雄主义，以此反击城市化的肮脏和疯魔，用乔装或身份倒置，嘲讽当代人的信仰错位，莫名换上球衣全场奔跑的胡歌，戴着廉价擎天柱面具的桂纶镁，藏在柜子里就好像那里有后门一样的万茜，假扮摩的但不拉活的廖凡，真的动物园，假的马戏团。整部电影的视听很强，不仅仅是霓虹恶魔，还有幻听质感的音效，墙壁另一边夸大的混音让信息量爆棚，叙事感迅速迈进。以及好久不见的昆汀式诡谲的嗜血，在你身上种一朵伞，喷血浇灌，对于影迷来说是部爽片，过瘾得没心没肺不害臊。其实这片对欧洲来说早习以为常了，但对我们来说跟濒危物种一样，在龙门客栈里吃碗麻酱馄饨，面对疾风吧。
同志亦凡人中文站,50,力荐,2019-07-24 18:44:46,满分的舞台剧调度，每一幕都清楚分明。虽然只有几个段落，但刁亦男证明当代华语电影也可以很暴力美学。啊啊啊我敢说昆汀看得比我还过瘾！（胡歌转型成功？）
迈克科里庵,50,力荐,2019-05-19 05:03:48,胡歌让人惊喜，刁亦男没有让我失望，片子能过审，得感谢中宣部和电影局。
蛋堡的波特,40,推荐,2019-05-18 02:00:22,琢磨不定的迷離感与時代裹挾的宿命感，感覺今年四大洲的神棍片齊聚戛納，可能比較兩極化的影片。
影志,50,力荐,2019-12-02 23:59:07,电影居然比预期的还要生猛，寰映影城的杜比厅视听太炸裂！胡歌这张脸就是为银幕而生，早拍些电影该多好…“天使陪泳，包你满意”
欢乐分裂,40,推荐,2019-12-06 16:34:00,4.5；不无匠气的高度纯净形式美，讲究到刻意的视听语言，全世界都流行的（乡土）霓虹美学搭配大量夜戏低调布光，无论从文本剧作还是镜头拍法，均搭建出地道黑色电影模式和骨架，啊真希望国内多几位这样会拍的导演！三场会议令人印象深刻---黑帮、警察、拆迁队，构成类全景式的「聚会」，横剖社会生态面，荒诞讽谑，轻触社会议点又点到为止。「南方」真是一个绝好意象，潮湿暧昧犹疑未知，雨夜笼罩的宿命走向（更有梅尔维尔之味）。高光场面不少：1、塑料大棚内外的影子互映；2、决战段落楼梯上下的影子：3、墙上旧闻的剪辑；4、几个凶杀和情欲的段落；5、两人对话时被雨声淹没（故意消音）。
胤祥,40,推荐,2019-05-20 14:21:22,#72nd Cannes# 延续了《白日焰火》中对黑色电影的探讨（又是一个看似传统实则反向的黑色电影故事，对传统的femme fatale形象与功能的改写），不过格局要庞大许多，尺度惊人，很多地方嘲讽感极强。桂纶镁“再次”扮演了一个外表冷漠而心理戏丰富的角色，完成度甚至好于《白日焰火》。对野鹅塘地区空间的设计，极为风格化的对表现主义混合色光运用绝对堪称世界级水准。动作设计和分镜上比较特殊（反套路），显得比较生硬，不过竟然也达成了某种风格化的效果，一些暴力场景很亮。剧作也真的并不太按类型套路来，在剧情上还是有一些不太容易理解的地方，无论是双闪回还是警方布控那场新闻联播戏的写法都可商榷。正是戛纳体系中具有强烈作者风格和暴力场景的类型片。
顿河,50,力荐,2019-12-01 23:57:19,兑现死亡的价值有一百种方式，周泽农选择了最完美的方式：是最完美的猎物，也是最完美的猎手。南方车站的聚会，明明是个血腥悲伤的故事，却看出了迷人的浪漫。刁亦男的视听不超前于时代，但一定超前于当下的中国。
yjyj,50,力荐,2019-05-19 01:34:02,胡歌突破了自己，首映后观众长达四分钟的掌声就是对胡歌及其他主创和导演最大的肯定，昆汀看完也不亦乐乎！口碑注定两极分化，坐等国内上映吧！
frozenmoon,40,推荐,2019-12-08 17:15:20,终于又看见一部有电影样子的国产电影，现在，连这样的期盼都越来越成为奢求。动物园里动物的惊恐眼神，人在丛林中的汗流浃背的逃亡，一路追赶时经过的众生百态。镜子，幕布，影子，声音，颜色，气味。真不错。只是更多的呈现了美学和影像，相比于这些，故事没有余味。
柯诺,40,推荐,2019-05-19 01:58:43,视听语言高度形式化和风格化，惊喜之处在于把一个罪犯逃难与警察追捕的传统类型故事融入在一个中国城村本土街景的空间与群像描绘里，对动作戏的剪辑和调度很精彩，人物塑造全都退居其次，会有争议。
亵渎电影,40,推荐,2019-12-12 19:57:17,出人意料的是中国导演也能拍出这样的电影，希望以后的新导演们可以忘掉《杀人回忆》，学一下刁亦男。当然无论学谁，门槛都很高，而模仿刁亦男的难度更大，需要在视听语言上用力，剧作上的难度也一样大，刁亦男这种拍法就是检验新导演能力的试金石，非科班或者大混子瞬间就能暴露出来。片子继续黑色电影的框架，但是在剧作和女主角的人设上做了反类型的处理，但剧作大框架的设置让时间非常的紧凑，在女主角的眼神流转之间，把城中村野鹅塘的大环境尽数交代，同时目光所及之处又靠演员调度和镜头调度完成。导演还有意削弱了人物的动机和叙事的目的性，让一切变得更复杂更暧昧，霓虹美学和暴力奇观让片子变得更风格化，犹如一场极具风格化的装置艺术。
奇爱博士,50,力荐,2019-11-23 15:22:52,一部超大型的中国边缘社会的现代装置艺术。刁亦男调动最高级的卡司，最高级的视听语言，结合自己所钟爱的黑色电影类型，完成了一次任性的、光怪陆离的天才创作。
seabisuit,50,力荐,2019-12-02 16:13:08,看过五遍的《白日焰火》吹，也会把这部最期待的国产片选为年度最佳并N刷。在如此环境下能保留这等血腥尺度和作者表达刁亦男让华语的犯罪类型上升到一个新高度。融合了古典的表现主义和黑色电影，当今流行的霓虹色彩，甚至还有胡金铨的武侠配乐和招式，用迷醉光影和摄人声效表现在完全土味人为制造的空间之中。超现实景观的动物园马戏团有多魔幻那新闻片段办案过程就有多真实，当长着特别适合大银幕脸的胡歌和继续有所突破的桂纶镁二人来到野鹅塘，走在虚假的描绘美丽生活的背景宣传板时被彻底征服和悲伤起来，这不就是不知在几线城乡镇千千万自甘堕落无处可去并破碎的xx梦嘛，都是为了那一口面苟活，说白了也是个在精致垃圾场猎捕蟑螂臭虫的游戏。廖凡也与前作相似，为目睹罪人的那一丝忏悔与尊严，残忍又浪漫至极的体验。英皇首映见面场，上映日二刷
内陆飞鱼,50,力荐,2019-12-07 13:04:18,《南方车站的聚会》有种怪异诡谲的形式美，华语电影里基本没有参照体系，配乐、剪辑、动作、人物都有一种隐而不发、发则凌厉的浓烈毁灭感，野鹅湖一带的夜间城中村就像早期的九龙城寨，人如蛇鼠穿行其间，鬼影幢幢，欲望缠身，无仁义的蛮荒地带，周泽农的魂是虎口上那只飞不起来的飞鸟纹身，保持残忍与凶狠是活下去的前提。
福·宋,40,推荐,2019-05-19 15:06:56,属于后劲儿比较大的电影，很多镜头一直在脑袋里转。昨晚看完，边上的法国杂志记者很兴奋，拉着我倾诉了半天。说自己从这部电影里看到了一些黑色电影外更深层的东西。区域的生存系统，权力与犯罪之间的灰色地带，没有人关心的生活在暗处的人之类的，是顶级观众了。只是害我错过了散场前的主创拍照！
南衣也在江湖,50,力荐,2019-05-19 00:40:19,镜头聚焦的主角从前作的警察转到逃亡的罪犯视角，胡歌的硬汉塑造给人深刻印象，桂纶镁的表演更加放松，其他几位表演也可圈可点。虽然是类型片，人物没有被精彩的故事压倒，许多中国当下社会的缩影，巧妙而含蓄地点到，一部内容层次丰富故事一波三折的作品，难得地可以满足作者电影和普通观众的双重期待。
徐若风,40,推荐,2019-12-06 19:22:49,刁亦男把导演技巧推向极致，这是一部被极度的设计吊着的电影。每场戏都满溢而出，从视觉元素（霓虹、棚影、几何图形）的反复，到间离得宛如开玩笑般的声音设计、以“对仗”书写的三方势力设计。“城中村三不管地带”被彻底景观化、人物被彻底景观化，演员各演各的，宛如机械木偶戏亦或凹造型走T台。但复杂的是，这些景观并没有被简单处理，刁亦男的方法与贾樟柯式的“土实社会流”背道而驰——变异的地域，流动着破碎的、脆弱的、随时都有危险的气息，如一只养在即将碎掉的玻璃罩里的老虎。不确定该如何评价，于我而言这些是好的设计，但全堆砌在一起就是很硬的东西，有趣却又生硬。但可以确定的是：不如《白日焰火》。
晚不安,40,推荐,2019-11-22 22:15:32,中国特色霓虹黑色电影（是的，就是五彩斑斓的黑），在华语圈我还是头一次看到这么激进的尝试。基本面的发挥不只是稳健，可以说非常凶狠，势在必得、取人首级的那种创作姿势。完全不像《夜车》或者《白日焰火》，刁亦男几乎决绝地割断了与过往作品的外在连接。开始还以为又是一部《天注定》，往后看就发现表意系统完全打开了，比起深挖人物，他现在更感兴趣的是影像的可能——但遗憾也就在此，美学几乎全面制霸。所有指涉暴力的段落都让人印象深刻，固定镜头、特写、快切，以静制动，雕塑般的造型感，然后一声巨响震断人的神经，也让空间和人物完全流动起来——兴庆都（打碎灯泡致敬牯岭街？）、馄饨摊，到动物园抵达紧张的视觉高潮，枪指报纸则是视听的双重喷薄。也开始玩符号，蛇、镜、帽、伞，打破后生毕赣的垄断。结尾稍稍泄气，但整体质感让人难忘。
眠去,50,力荐,2019-11-24 17:05:18,猝不及防地见识了第一个杀人镜头，立刻懂得了戛纳电影节上昆汀为什么狂爱这部电影。透明雨伞杀人那一幕更是体现了导演的暴力美学。现实，黑色，魔幻，幽默，戏谑，甚至结尾的女性主义迷思，这场南方车站的聚会，一切都包含在光影中了。
文刀大土申,50,力荐,2019-12-06 14:43:07,毫无疑问，刁亦男几近满分的「视听语言」课程答卷，一部极具个人影像风格化的黑色犯罪片，尽管只是一出警匪追逐的简单戏码，却撒网式地带出当代南方城镇／城中村的奇观。独特的空间配以纯熟的运镜，出色的光影处理（人影，霓虹灯管等），叉车断头、伞柄杀人等多处令人印象深刻的暴力场景，都太令人沉迷于这场潮湿阴冷的“南方聚会”了。4.5
巴伐利亞酒神,40,推荐,2019-12-06 12:53:33,胡歌骑着一辆抢来的摩托，绝望地沿着城中村逼仄的街巷一路逃亡。鲜血染红了身上的盗版阿根廷9号球衣，残缺不堪的字母中，我们依稀能够拼出那个伟大的名字：巴蒂斯图塔。
Derridager,50,力荐,2019-12-06 23:37:26,四星半，渐入佳境。江湖其实不一定是经想象和谈论生产出来的奇观空间，它也可以固着在某一地域空间，比如“野鹅塘”。此乃一个自成体系的生态系统，是“三不管”地带，人口混杂且流动频繁，没有人在乎你是谁。所以片中的男男女女总是穿店面而过，又或是站在墙边、柱子旁呢喃的行为，在这种环境中取得了合法性。一般而言，女性只能以妓女和侠女的身份参与男性为主的江湖叙事，但扎起素白色斗笠的刘爱爱两者都是（如果我没理解错的话）。无论是偷车贼，还是警察抑或资本家，都喜欢“开堂会”，这都是侠义逻辑。就此我们可以看到一种新的侠义故事被生产出来，它以只存于当下的空间城中村为背景；以警匪故事为框架，却悬置道德评判；将中国乐器和西方电影技法结合，创造出或可称为“江湖电影”的新电影形式。动物园和废屋试枪赞爆！枪声与伪枪声处理太妙！
严荼,50,力荐,2019-12-07 13:08:41,"影片没能建立任何深情连贯的人物形象不是因为胡歌的扑克脸，而是故意设计成：姐弟不曾对话，夫妻不能谋面，哥么无需歃血，暧昧点到为止，互助止于羊癫风——所有人物关系都被强行拆散。
巷口的一排洗衣机，海滩的一排陪泳女，投币唱梭罗河的马戏团，躲藏逃犯的动物园，这些荒诞现实主义的奇观，是城市化过程中被遗忘的底层，在偷个电瓶能发展成两大帮派的南方小城，能组建“聚会”的不是人情，而是30w的悬赏。每个人都茫然不知为何而活，最靠近的答案就是钱，所以导演也无需歌颂在乱世中看得透彻的某人，只消冷眼把他们全部白描就好。"
弗朗索瓦张。,50,力荐,2019-05-19 08:47:41,可以想象为何有人觉得不如白日焰火，这一部更黑暗，更重口，更多恶趣味，更难以理解。可以预见大规模上映后引起的非议，因此五星顶上！
晨在川流上,50,力荐,2019-07-22 21:08:49,这是一部有观影门槛的电影。如果你能get到导演的意图，看懂电影中的每一个细节，你会非常喜欢这部电影。我想我就是一个非常喜欢这部电影的观众吧。整部电影的叙事风格是克制泠冽的，而突出的光影设计给人物更增添了宿命感。导演的风格贯穿了整部电影，掌控了一切，但是演员的表现依然非常亮眼！电影结束，坐在我身边的一位老外和我说，她非常喜欢男主角，实在是太帅，太棒了。
一苁二白,40,推荐,2019-09-11 11:52:20,"全员演技在线, 黄暴血腥, 辛辣讽刺
仿佛在看昆汀·塔伦蒂诺
第一次觉得胡歌杀人这么帅"
荞麦,50,力荐,2019-11-13 21:52:45,全景浸入式观影体验，虽然是2D却感觉比李安的新技术还要浸入了，好几个场景会感觉自己身处其中。极致的暴力与浪漫。胡歌像是一只受伤的美丽动物。而所有人包括群演都演得太好了。
妖灵妖,40,推荐,2019-11-25 14:03:50,逃犯与警察双线并行的叙事展现出堪称奇观的中国地下社会肌理，新黑色电影风格与硬派警匪类型在绝望与暴力中的一次聚会
芦哲峰,50,力荐,2019-12-07 21:45:47,光怪陆离的边缘社会，生猛野性的丛林江湖。每个人物都很硬，连警察都不怂，是现代社会的武侠片。筒子楼一场，如看胡金铨的客栈戏。雨伞杀人，又美又残忍，淋漓尽致的暴力美学。形式感强，调度出色，光影声色地运用巧妙自如，群演加分。
嘟嘟熊之父,40,推荐,2019-12-01 20:11:31,对标志性城市气质进行提炼，在城市实景中再造一个新的城市，具有此能力的华语导演唯刁亦男一人。在这样精密的微缩模型（恐怖主题公园）之中，人物之间、镜头与人物、镜头与镜头的距离可以被重新刻度，人物是带着面具的血肉之躯，也是被暴露在天眼之下的隐遁人偶。得益于新城市的构筑，文本意义、演员气质、叙事节奏都被再次定义，这样的作者性绝不是霓虹美学四个字可以概括的。刁亦男的巅峰不止于此，也不止于《白日焰火》。
冰红深蓝,40,推荐,2019-12-07 09:13:03,暗藏杀机的暴风雨之夜，破旧蔓延的城中村，雾气氤氲的野鹅湖，接头车站与地下集会，废弃空屋和夜市广场，猎杀动物园与过场马戏团……地图上找不到的三不管城乡空间成了主角，主要人物则成为被抽空前史过往且表演内敛的模特（似布列松）。视听语言相当精彩，迷影致敬与花哨技法层出不穷，如延拓空间的镜子、被火车声掩盖只剩口型的话语、霓虹般的高饱和色光、别有余韵的运动长镜头、环境中时而猝起引人惊颤的爆响、主观视角的表现性声响（配上周泽农拿枪指着墙壁各处与变焦推进剪报的蒙太奇，想及戈达尔与老马丁《出租车司机》）等。雾中泛舟如《雨月物语》变奏。暴力与情色场景大多简洁利落，主要过程均留白或发生于画外，包括多次用墙面或帘布上映出的运动人影来构成画外情节与空间（亦有德国表现主义遗风）。整体有想法与意境，但缺余味。（8.5/10）
时间之葬,50,力荐,2019-11-22 09:31:41,比《白日焰火》走得更深也更远，如果说《白日焰火》让我们第一次在国产电影里见到了黑色电影的影子，那么《南方车站的聚会》则不可思议地用高度现实主义的风格完成了一部本该属于表现主义的黑色电影。片中所呈现的那幅中国当代社会边缘人物的全息图景，也是国产电影里前所未有的庞杂景观，城中村的驳杂与凌乱，灰色人群的躁动与生猛，配合着预料之中的情欲和突如其来的暴力，构成了一副值得镌刻下来的影像标本。
寒枝雀静,50,力荐,2019-12-07 23:35:15,A / 一个始终悬而未决的问题是，女主在与男主商定了结局后要如何完成杀戮？她要如何在各方的不信任中迂回地执行到底且不破坏这一默契中本不存在的纯洁性？此时她并不是在掩饰或是算计，而是在以否定“情”的方式来维系“情”，以表演性的方式来成全死亡的真实。这一“假定性”的提炼或许正是影片的核心驱动力。被刻意拼贴的时间，被压缩为魅影、色彩甚至吸纳到媒介之中的人，被抽象为线条的动作，被自觉“景观”化的城郊空间，都在共同完成这一艰难的榨取。仪式完成时，一切矫饰的“假”便能透析为“真”。
韩松落,50,力荐,2019-12-10 12:14:23,在我看来，刁亦男最珍贵的地方在于他的浪漫，他最浪漫的地方在于一份荒野感。在他的世界里，高楼大厦仿佛是幻象，车水马龙并不存在，摄像头也在故事的一开始就被遮挡，城市仿佛荒野，罗宾汉和红拂女同时登场，弗雷迪和胡四娘四处奔走，时代曲和广场舞杂然并处，人们在夜里成群地聚在一起，目光炯炯，似乎要起事。然而这样的荒野也只有一夜而已。就像剧场在关门以后也并不安静，舞台被各种魅影占据，森林在入夜以后危机四伏，豹子的眼睛仿佛宝石。但这样的浪漫只有一夜而已。刁亦男和他的电影就是这一夜的见证人。
57,40,推荐,2019-11-13 22:25:38,第一次被桂纶镁打动，更准确地说是被导演说服。在一个主义全部失效的年代里，用这样一种决绝单纯的表现主义手法，去表达广泛的现实主义社会图景，我觉得有超越审美层面的意义。完全能够认同对那种整体上的即兴暴力的描述，以及男男女女被裹挟其中慌不择路的恐惧。重复那句话，永远和这样的电影站在一边。
YQY-Vader,50,力荐,2019-11-22 22:10:31,年度华语最佳。太生猛了，和谐的东西看多了，一度惊叹这怎么过审的，断头喷血这类的血腥场面完全保留，最惊讶的是在表现警察开会的时候用了和帮派开会时一样的场景与方式，后面城中村警察又私闯民宅呵斥百姓，在突出警察的残暴绝对是近年来华语最凶猛的一次，结局没有核心价值观外露，而是处理得有些暧昧。电影本身也足够优秀，氛围戏非常足，粗粝的声效，霓虹灯下的黑色电影，充斥着表现主义的影子动作与对话，人物表演与环境交融。刁亦男绝对是国内导演序列里把西方经典黑色电影精髓与东方语境与环境融合最好的一位。
柳如青,40,推荐,2019-09-11 13:25:53,刁亦男玩的嗨，观众看着也嗨。极简的故事框架，包裹着极具风格化的视觉生态和棱角分明的人物。这片是属于电影院的影片，精巧的奇情斩杀和黑夜中暗藏的浪漫，都很适合去沉浸式感受。
風颭雲,50,力荐,2019-09-11 12:26:31,從“南方車站”出發，前去和那個熟悉親切的九十年代中國電影“聚會”。小格局小故事小人物接地氣，這才是我真正喜愛的中國電影。沒有站隊，沒有主旋律，沒有避諱。暴力和情色也只是反應市井生活的元素。刁亦男導演電影節奏把握地非常到位，緊張的氣氛貫穿始終，加之撲朔迷離的人物關係讓我如坐針氈，期待劇情的進一步展開。表演上桂綸鎂完美地展現了社會底層被利用和壓迫的小人物進退維谷的掙扎。中國電影業需要鼓勵拍出更多像《南方車站》這樣的電影，毫無遮掩地反應底層社會人的生活才能引起大眾的廣泛關注，促進社會向積極的方向發展。
盛崖余老婆,50,力荐,2019-07-07 16:28:07,0706 巴黎CIP点映  黑色幽默，暴力美学优秀地本土化创新，克制冷静的情感表达，配合上绚丽到梦幻的光影，演员们扎实的展现了一个下九流的江湖，有传统武侠的色彩。属于每个人的牢笼常有，可以埋身其中，短暂逃避的野鹅塘却只在夜里梦里。
阿德,50,力荐,2019-12-02 19:31:39,二刷观感更佳，霓虹美学+暴力美学=城乡结合部美学，黑色幽默+社会写实=小镇现实主义，刁亦男在影像上的创新与尝试，在华语片范畴内都值得给予更多的鼓励。
蔡依林,50,力荐,2019-12-06 21:50:26,最后的字幕是用来过审的吧。。。两个女人怀里揣着钱，互相搀扶一路走下去才是最好的结局厚
西帕克,50,力荐,2019-11-23 16:35:35,想不到是如此纯粹的追击类型电影，可以参照《必要的杀戮》、《启示》甚至是《谍影重重》。没有任何多余的交待，只有胡歌在夜色中逃亡。中国的乡镇是一座赛博朋克森林，我们都是被猎杀的猎物。两个女性角色是全片亮点，她们受到控制与压迫，被边缘化，却最终赢得了胜利。这个与《M就是凶手》截然相反的结局，便是新时代的声音。
特立独行的猪,50,力荐,2019-05-19 00:24:32,生猛。#桂纶镁，美啊 @戛纳首映
西楼尘,40,推荐,2019-12-23 14:18:19,有这么好的运气，为何不逃到南方。这里有奔袭的火烈鸟，嘶吼的大象，有投币就能歌唱的人头，有花钱就能陪泳的湖水。他们感叹，这个悍匪多狂啊，子弹都打光了。却没听到火车呼啸盖过的真心，雨伞横杆刺穿的谎话。不去南方，因为这包软中华，这口热汤，因为这贱命还有赏金，因为故事始于湖畔也终于湖底。
甄甏甏,40,推荐,2019-05-19 10:22:58,断头后淌血的佛像挂坠，和雨伞上喷洒的血，昆汀没白来看首映。
皮革业,40,推荐,2019-12-06 20:10:29,架着《霓虹恶魔》的灯管，就着胡金铨的锣鼓点儿，重新讲了遍《虎胆忠魂》的故事，还有个《精疲力尽》的姑娘。
[已注销],50,力荐,2019-12-07 17:28:30,年度最大惊喜？我好久好久没有在讲中国话的电影里有看愣了的感觉了，马戏团那段。灯管戏玩的比东南亚那批强多了，我等娄烨拍这种片等足十几年，结果刁亦男轻轻松松拍出来了。
TWY,40,推荐,2019-11-01 08:57:05,一个关于电瓶车与城乡结合部的传说...
室内滂沱,50,力荐,2019-12-03 07:37:50,音效表现十分出色，枪击声，摩托声，钝物撞击，就算角色们的感官所能探知的范围完全被各种色彩光影噪声填满，但他们从始至终都被自己视线、听觉所及之外的危险惊扰着，对看得到的泥泞污秽早就习以为常，对没察觉的事物本质胆战心惊。彻底围绕人物行动展开，却是一部成功构建外部环境的电影，主角在非常具体的场所空间中迂回，命运取决于自己在场景中和试图猎捕自己的人的距离有多远，场景设置对情节触发起到关键作用（比如桂纶镁躲避胡歌却恰好遇到黄觉），这点比复刻黑色电影更为前沿。对市民生活环境及人心状态的表达，终于脱离内地电影惯常的隔靴搔痒的感觉，是一部现时中国的“无因的反叛”。在男人们营造的野蛮世界中夹缝偷生，非常喜欢片中隐约闪现的女同内容。暴力场面在院线影片里非常鲜见，而且角色们拼命地抽烟，难得过审，值得影院多刷。
风间隼,40,推荐,2019-12-07 13:15:25,一部非常高级的电影，有电影感，懂得用影像和声音表达人物的情绪和命运。细腻而富有表现力的打光，充斥画面每个角落的丰沛细节，复杂的人性深度，足以让人忽略口音方面的瑕疵。夜市和筒子楼两场抓捕摄人心魄。如果说贾樟柯为中国电影发现了县城，那么可以说刁亦男不但发现了城中村，而且用一种比前者高明得多的方式将它呈现在了大银幕上，堪称今年华语电影最大的惊喜。ps.太喜欢这个劳动妇女版的万茜了。
阿暖,40,推荐,2019-11-17 21:14:08,形式大过于内容，但形式太美。现在想起来，那些口音僵硬的武汉话，大段大段的夜戏，交织着摇曳的霓虹灯，都变成一场遥远的、怪异的梦。还是很感谢刁亦男拍下了这样的武汉。
水木丁,40,推荐,2019-12-07 15:58:24,所谓江湖儿女，就是陌路相逢，我帮你完成最后的心愿，送你上路。这是我今年看过的最浪漫的一部国产电影，这种浪漫太奢侈，让我有些意外。
翻滚吧！蛋堡,40,推荐,2019-11-22 22:08:07,炸炸炸！刁亦男放弃对冰冷情欲的表达，完完全全拍了部film noir。影片评价注定两级，一面是钝感点状的情绪，一面是突出的视听语言。表现主义的光影、杜琪峰式走位、NWR的霓虹美学信手拈来，暴力场景的设计生猛惊艳，单纯享受这种肆意妄为的快感就对了！
无耻不混蛋,50,力荐,2019-12-01 17:49:51,看完电影，我跟朋友说：这种电影，无论你是否喜欢，都没法给差评。它具备所有电影原初的魅力。并且，我终于找到一部，在空间叙事上如此完美的当代国产片。导演淋漓尽致的拍了，演员淋漓尽致的演了，剩下的，观众只需淋漓尽致的观看，即可。之前，我一直说：当代中国缺一部能展现当下【中国城镇史】的电影，现在，刁亦男补上了。一句话，这是一部城市艺术片（对位于此前我们擅长的“农村艺术片”），一部用黑色电影的方式拍的当代中国城市社会现实图景。
宋雯婷,40,推荐,2019-12-01 18:05:47,审美很好的片子。毕赣可以看一下。（对不起）
方枪枪,40,推荐,2019-12-05 21:52:05,一部足够迷人且值得再次品味的电影。它的魅力一方面在于题材与故事的野蛮生猛与尺度突破；另一方面在于结构与视听语言的趣味与幽默融合：盗贼与警察的分区划分与摩托车追逐戏份在电影中形成巧妙互文。当然，如果仔细品味的话，还能从中收获不少迷影的彩蛋：居民楼追逐中影子远去的情节，华丽楼盘宣传的海报背景，相得益彰的配乐，以及诸多黑色幽默的呈现。最后，得益于所有演员的精湛演出，让观众品味了一个独特的底层人民生活状态……绝对的一出好戏！
云淡风不清,50,力荐,2019-11-13 23:37:51,实在是惊喜之作。被导演传递出来清晰的意志、勇气以及克制深深打动。如果要借用标签，这电影是超现实主义的，我觉得这不止是在讲一个发生在南方的故事，也不止是在讲边缘地带的底层经验，而是今天，此时此刻我们所在的，共同的生活空间：人与人的关系，价值体系，生存逻辑。但整部电影又不是现实经验的简单复刻，从镜头语言到视觉、音效，有极强的美感和想象力，是超出现实的体验和呈现。比起《白日焰火》里的吴志贞，刘爱爱更让人动容，因为她真实、自然，普通得不能再普通，她不再是桂纶镁，而是一转身，就能在街上遇见的一个人。
恶魔的步调,50,力荐,2019-12-12 23:26:33,是多久没看过这么胶片感的新片了。而且对于国片的话这么点到即止的配乐都是要表扬的。多年后肯定有人会考古一下究竟有多少煞笔过审总结字幕让经典止步……这字幕就像是烟盒上的“吸烟有害健康”，破坏了某种整体设计美感（如果你是一个烟标收藏爱好者的话）。
支离疏,40,推荐,2019-12-07 22:23:30,这哪是武汉，这是大型装置艺术作品《城中村》里的影像实验《捉迷藏》。刁亦男迷恋“突然的刺激”：突然的死亡、突然的声响、突然的转折，是把摄像机当烙铁，咣咣往你脸上烙印子，疼也好，丑也好，让你记住最重要。刻意么？刻意，拼贴么？拼贴，单薄么？也有点单薄。不过我宁愿看一部刻意拼凑的风格化电影，也不愿意看一千部温吞的流水线玩意儿。
张大水,50,力荐,2019-12-06 21:40:23,电影和现实之间总是有奇妙的连接，桂纶镁去找万茜的二手家具市场就是之前我老为店里淘旧家具的明伦街家具市场。摩托车追车戏的张公堤，我之前从开车回市区时也在那上面坏过。陪泳女在东湖疑海沙滩望对面，其实就是我学生时代住的宿舍，还有桂纶镁说的个斑马。娄烨，王小帅等很多导演都拍过武汉，刁亦男拍的武汉气质是我最喜欢的。把整个中华农家乐的审美变幻成霓虹美学，这也是不同于贾樟柯的地方，因为后者审丑居多。最喜欢的是开头警匪两场戏的对比。
熊阿姨,40,推荐,2019-12-09 00:05:54,喜欢白色帽子如水母般飘走。
赫恩曼尼,40,推荐,2019-12-07 17:33:47,不错的！华语片要么狗血，要么拖沓的通病要治好真不容易。PS：时常错觉自己在看张鲁一和周冬雨。我没救了。
哪吒男,40,推荐,2019-12-06 22:45:59,真好看，提心吊胆地在破城上下逡巡，视听一流，适合酒后观赏。（话说胡歌也演的太差了吧，片里随便一个路人都秒他
老袁,40,推荐,2019-12-06 21:15:55,包装精美的空盒。故事简单没有问题，但里面人物也是空气。导演说廖凡扮演的警察人物没什么发挥空间，我觉得胡歌的人物和廖凡的警察只有戏份长度的区别，内核都是一样的中空。ps：1、一出电影院，就听到同场竞技观众疯狂吐槽上当了，顺便鞭尸《地球最后的夜晚》2、中国电影到底什么时候才能分级啊！这部电影极其血腥暴力，建议16岁以下别看。
寇寇谋,50,力荐,2019-05-20 00:36:19,对赤裸生命、经典电影与市民空间的三重“弥赛亚救赎”。它对准的却是当下中国正在悄然进行的思想围捕，在这个人人自危的时代，真心觉得，中国不会再有这样的电影和导演了。
alain.proust,40,推荐,2019-12-06 15:06:15,在夜色的掩护下黑白善恶终于混迹难分，人与人之间的关系朦胧脆弱如霓虹车灯的明灭，于是便无所谓情节的各路转折，有的只是难以洞若烛火的人性幽微，在黑暗中除了一张张苍白干瘪的脸，我们还能奢望看清别的什么关乎内心的东西来呢？于是一切都是如此合理，不再有江湖侠义、儿女情长之类的陈词滥调，不再有情绪喷薄的人物和大开大合大起大落，只有一系列细碎的变化，而最激烈的情感也不过止于杨淑俊（而且多半归结于羊角风）罢了，即便是当周泽农与刘爱爱驾着一叶扁舟短暂温存过后，尽管雾色浓郁，人情却还是淡薄如流水。可以说，通过模糊伦理层面的目光来抵达纯粹的审美层面，在此不失为一种有效的策略。（另外，车站对话与枪案两场戏之间的两次转换也很巧妙，一是周泽农遭枪击后开始下雨直接顺着雨声滑入现在时，二是刘爱爱从柜台买烟转身取回啤酒。）
邓安庆,40,推荐,2019-11-25 06:52:48,取景地虽然是在武汉及周边，但可以看做是整个潮湿的南方，一切人与事裹在阴冷的夜雾之中，不知其来路，不知其归处。声色光影，在电影中设计得很有美感。在城中村那种错综复杂的空间结构中，各方人物你追我逐，血腥、算计、贪婪、反抗……连带着把一个社会的剖面给展示了出来。
柯里昂,40,推荐,2019-12-07 00:30:17,三星半。几场高潮戏配上几场“阳痿”戏，构成了今年大银幕上最奇特也最值得回味的华语类型电影。主演们的武汉话不如印象中《万箭穿心》里的颜丙燕地道，配音部分多少也对观感造成了影响，不过刁亦男仍旧是未来几年最值得期待的华语导演之一。
文森特九六,40,推荐,2019-12-06 19:41:21,卡罗尔·里德与贾樟柯的聚会。《第三个人》绽放《白日焰火》，《虎胆忠魂》回荡《南方车站的聚会》，仍是一个《漩涡之外》般“我只求输得慢些”的故事，并因将城市坟场化而灵活变换为达辛式野蛮和优雅并重的“黑夜的地狱”。里德为代表的经典Noir与钱德勒为代表的冷硬派侦探小说继续牢固构成刁亦男的创作底色，功利心和国际视野的考量为电影注入了数量前所未有的贾樟柯式符号以供海外观者的猎奇与解读，类型身份及模仿对象的特点让符号和角色状态共同处于一个被静置的情绪化且极具爆发力的高压架空空间而融为一体，规避了贾的生硬与尴尬，并更好的从张彻和胡金铨的武侠片甚至西部片中提炼出与Noir的共同呼吸，贯彻在动作戏里，剪辑的“打击感”让角色“飘了起来”，而非雷弗恩对暴力的凝固态和装置化。白天戏拍得蛮糟糕，也许刁只顾得关心影子。
Moning,50,力荐,2019-06-10 18:32:52,9/10 雨伞下的她，漫不经心加入彩灯鞋们的广场舞，惊讶的老虎，吃面的小细节，结尾两个短发平胸姑娘的不知如何解读的微笑，寡言少语暧昧的情感，一点点哀愁和一点点释然，以及暗夜里野湖畔霓虹闪烁的暴力美学。看电影很爱哭的我，观影完特别开心。真是太好看了呐。观影于戛纳电影节首映，导演映后唯一说的是道歉武汉方言没有配中文字幕，感觉好有主场感。有点为中国电影而骄傲了。05/18/2019
后自愈,40,推荐,2019-12-01 17:49:25,难得的华语影像，无论是文本还是视听都做到了一种极致，亦是刁亦男一次颠覆性的尝试，不再清冷不再内敛，变得潮湿妩媚。内里是一出简单的犯罪故事，但拍的非常高级，可以看出从典型film noir里学到不少东西。画面极具个人风格，霓虹灯美学在大陆城乡结合部，裹挟着血腥暴力，同时还点到了一些社会议题，实属不易。
水浒三国金刚,40,推荐,2019-12-06 13:39:13,江湖儿女在地球最后的心迷宫席地而坐看白日焰火
kylegun,50,力荐,2019-12-09 20:57:01,夜游飞头，肚皮开伞，荒山灯影，雾中野湖，木柜更衣，荡舟漱口，美女蛇，陪泳妹，灯鞋铁道，屋邨迷宫……南方小镇的灯影浪漫，因审查被剪了个乱七八糟，却依然优秀
艾晨,40,推荐,2019-12-05 23:11:16,85分。一部有点残暴的黑色电影，不管是案件本身、角色形象，还是断头、穿腹、强J等情节，以及环境设置、光影配合，都充满黑色元素，让人出乎意料。可以二刷。
zitsunari,40,推荐,2019-12-07 16:31:50,美学的确亮眼，非常酷，表层感官得到满足，只是纵向的快感欠奉。如果你批评《春江水暖》的卷轴式平移长镜是毫无必要的形式，那么《南车》里城市底层的破败元素同样也有一些是毫无必要的。两次雷同的排兵布阵来暗示警匪同质，在房地产广告幕墙前行走凸显城市化的虚幻（类似的摄影已经太多了），单独拎出来也许值得细味，堆多了就反而有点让人茫然。
Jeannels,40,推荐,2019-12-06 15:53:43,影迷刁亦男的视觉拼盘：霓虹灯大赏&暴力奇观的狂欢。
朱马查,40,推荐,2019-05-19 02:35:54,警匪壳下的现代武侠片，侠女形象的出乎意料的延伸，充满距离感的叙事与场面，似乎也有一种奇怪的武士电影静态动作场面。美术灯光有过度的地方，影像的融合其实也有一点问题，总的来说一些失败边缘的尝试，几分做作，但人物形象虽然缺乏一些层次但大概足够新鲜吧，没有止步与奇观。最后一镜有让我觉得这些尝试值得…
Lycidas,40,推荐,2019-12-07 20:43:20,3.5 看桂纶镁说“包您满意”的时候那种努力装出来（甚至还带着某种不情愿）的媚态差点笑出声，胡歌轻飘飘没什么存在感，男女主角都如此令人出戏，亏整体节奏还撑住了也挺不容易的。声音做得极有想象力，或许是全片最具价值之处。
托尼·王大拿,50,力荐,2019-12-06 17:51:56,将形式化做到极致，用迷幻的光影酿造潮湿氤氲的情绪，让城市取代人物成为真正的主角，韵味悠长，太朋克了。
卫西谛,50,力荐,2019-12-01 16:11:58,像是眼睛在黑夜里闪烁。有真正的“沉浸式观影”之感。用暴烈的风格呈现了一个混乱、荒诞、黑色的中国底层景观。在城郊舞台，去尽情挥洒一个关于暴力、爱与背叛的故事。二刷四星半
Paco,40,推荐,2019-12-13 01:37:21,不算喜欢，但感到重要。看到的更多是和《白日焰火》的对立而非延续。“霓虹”和“黑色”究竟何处来？全是强势作者所为吗？与其说是某种风格的落地，不如说当代大陆已经孕育了某种风格，被刁亦男所捕捉。“风格”让代言现实变得困难，也让破碎、景观和个体情绪入口趋近闭塞的当代体验被轻松映射。多么撕裂而合理。→20.2.13 未删改版二刷。像《白日焰火》“一样好”就错了，不平面就错了，遍地景观，遍地畜牲，立体了还像话吗？杀死人物和时空纵深的不是刁亦男——周泽农最不被动的一次拔枪上膛，是对着满屋的纸片，为什么？找什么？这部电影讲了动物园里有几只动物搏杀成“人”的故事，第一只是周泽农，他死了，但他传递了火炬。
周冲,50,力荐,2019-12-02 07:59:30,12月1日采访胡歌，对他的审慎、谦卑、努力、理性，印象非常深刻。他是一个聪明人，难得的是，聪明得不让人有压力。你能感觉到他说话里的思考，似乎每说一句，都有另一个胡歌在身边，校对这句话的准确性。而拍这部电影，也是他等了多年的一个礼物。他说，他也没想到自己的第一部电影，会是一个作者型电影。他相信这个人物，相信这个剧本。他为这个角色做了很多准备，语言、身体、生活习惯，他甚至需要熬很多夜，以达到那种倦怠的崩溃的绝望的感觉，后来整个人都变了。戏拍了半年，中途有一回，他要去参加一个商演，整个人的气质都不像胡歌，像另一个人。重要的是电影中他的眼神，是非常灰凉的、无望的，这种眼神比杀气更难演，而他也成了。
公享史,40,推荐,2019-12-07 17:59:17,7分。优点和缺点都很明显啦，总的说来就是还不成熟，精彩的都是点，失败的连成线。胡歌很努力地想转到大银幕演出这么一个复杂角色，但是真的力所不逮，这个角色从头到尾都让我不相信，他的武汉话说得甚至还不如桂纶镁！至于在现实主义基调里玩形式和意象，刁亦男大概差了贾樟柯一个毕赣吧，09年的武汉城乡结合部哪来的猎奇马戏大篷车？包括几场颇有武侠味的打斗戏设计，也不如《天注定》。开场偷车贼开会那个场景有梵高《吃土豆的人》的意境。【JSZ万达】
麻绳,40,推荐,2019-12-06 17:24:53,即使是拍一个污秽破败的南方小镇，也能表现出良好的品味来。影像太讲究了，尺度很生猛，这样的一个故事，一不留神就拍成法治进行时了。桂纶镁、万茜最好，胡歌老师再怎么使劲，也演不出亡命之徒的感觉啊，不是演技问题，实在是五官太纯良。
sirius_flower,50,力荐,2019-10-02 08:49:09,超级棒！有点激动 这是一部继承日本新浪潮的作品。我觉得刁亦男把他自己的黑色电影做得越来越好了。最精彩的是新千年国内县城的夜间光芒（霓虹 发光玩具鞋子 卤素灯日光灯综合而成的夜景图）搭配上一种极其隐晦的运镜以及（导演提到）中国乐器和京剧鼓点的推动已经开始走向了一种独特的中国黑色类型。尤其剧情的压抑和暗线处理把存在推到感知之前以动作制造意义（导演语）激动/从东北转镇南方也非常成功。一开始我看到胡歌觉得非常出戏尤其是他那张正气的脸但慢慢发现这有种非常独特的气质 就是那种黑色电影-法日新浪潮主角的脸 恶棍但你没法不爱
凹凸,40,推荐,2019-12-06 23:50:40,比起《白日焰火》缺了点余味，但所有动作戏的视听语言都是超五星水准，桂纶镁的演技简直可以用脱胎换骨来形容。武汉真的有片子里拍的这么破吗？是的，就是这么破！
汪金卫,50,力荐,2019-12-29 11:44:14,【澳门国际影展】即使遗憾放映的是内地阉割版，也足够生猛。突破尺度的暴力、移花接木的陪泳女地域、不符合物理常识的伞穿人体…一切都是为了影片黑色的风格而服务，也确实造就了极致的视觉体验。警匪开会如出一辙、魔幻新闻剪辑、城中村爆米花对峙、动物园兽性对视、旧楼追逐光影变化等，都是很好的表达。没有微信社交的年代、轰响的摩托、冰冷的子弹、残酷的血腥、无情的制度下是滚烫炽热人性的挣扎、善意的释放。这是一条情义男儿以通向死亡牺牲的不归路，换取女性与希望的最终胜利。主配角的表演皆十分出色，哪怕是闪现的小配角，也极好地融入这个故事。四星半
舌在足矣,40,推荐,2019-07-31 12:48:47,典型film noir的光影，相当扎实的动作戏编排，再加上国片里前所未见的血腥情欲新尺度，已经足够令人满意。但最令人称奇的是，刁亦男将城中村与湖水这两个武汉地域特色相结合，于是“中国最大县城”便被架空成一种既九龙城寨而又水泊梁山的地下世界
btr,40,推荐,2019-12-05 18:19:53,刁亦男的影像风格愈来愈成熟。暗夜人影、半透明帷幕滤出的类皮影戏、广场舞者的闪光鞋或远处被抽象为几何图形的圆点交织在银幕上。声音设计加强了电影的疏离感，夜盗电瓶车那段尤其精彩。几个“半离题”的段落有得有失，如动物园那场戏有趣但多少是比较刻意的经营。相比视觉，人物和叙事稍逊一筹。
安德烈大叔,50,力荐,2019-12-06 23:33:32,非常喜欢，应是近几年最精致的华语电影，是动过脑子的那种精致。极尽混杂与破败的城乡结合部，通过细节丰富的布景和考究的调度呈现出的精细，每一个场景和空间都用的很饱满，暴力场面的设计也给劲，整个美学系统很齐整。简单的文本被影像玩出了花，场景与空间全面胜利，实导演之功。唯一遗憾的是胡歌的表演缺点意思吧，不过剧作本身其实也限制了他的突破。四星半。
无糖吐槽,50,力荐,2019-11-25 23:17:18,颠覆刁导前三部，董劲松太厉害。周泽农两次用心脏的火光，把一切献给爱爱。黑暗森林里生猛动物的瞳孔缩张，希区柯克变焦亦是刘爱爱的眼瞳里透出的恐惧气息，猫鼠游戏的逃亡是周泽农的饥饿使命。武汉太朋克了，黑帮的颅血溅染金纸，野山远处的绿光梦幻地渲染了暴力的魅力。东湖鹅塘，沙滩浴场，美丽的梭罗河，妓女和逃犯聚会在此绑定成共同体。
陆支羽,40,推荐,2019-12-06 22:01:22,4.0。1.整体不如前作《白日焰火》带给我更大触动，但刁亦男依然在造境上保持了他的高水准，尤其雨夜追杀、动物园、马戏大棚等几场戏，虽不乏刻意之嫌，却都别具匠心。2.胡歌的表演确实无可挑剔，尽显逃亡者的仓惶不安与偶发柔情；而桂纶镁饰演的陪泳女则有着野鹅般的生猛状态。3.遗憾的是，影片在不同段落间总给人一种割裂感，而过度的删改更加剧了这种不适；但即便如此，也并不妨碍它成为年度华语佳作。
袁牧,50,力荐,2019-12-03 00:17:28,导演早期两部还是艺术电影，从《白日焰火》开始，在叙事和风格元素上开始依循一些黑色电影(低调打光、阴影、街头写实摄影，孤僻杀手和蛇蝎美女的人物关系等)的惯例，感觉受梅尔维尔还有类似《亡命驾驶》这种电影影响很深，《南方车站的聚会》拍出了现实与魔幻交织的潮湿的黢黑的迷离的城中村，一个到处是违建、工地、塑料大棚、闪烁着霓虹灯箱和广场舞音乐的罪恶之都。胡歌能成为当代最好的男演员(不要参加什么真人秀谢谢)
杨潇,50,力荐,2019-12-06 09:34:19,建议超大银幕观看，建议多刷，因为你很可能再也看不到这样的创作了。
王俊俊,50,力荐,2019-12-06 21:50:12,"这部电影技术，风格等等，都是比较优秀的。

美中不足，就在于它的结局是锁定在底层两个女性身上，但这种“升华”说服力感染力都不强，因为要聚焦底层，又何必讲罪犯。

既然要讲罪犯，关于罪犯的铺垫也不多，想象空间太大了。

逃犯的逃亡以及困兽之斗，和两个可怜的底层女性的结局，似乎就只是一个故事。

这也是很多观众不太“懂”的地方。

但是我个人挺喜欢这个故事的，我觉得故事就是故事，不需要什么升华，我们平时的生活又有什么升华了。

我觉得这是一部非常猛的片，就是猛过头了。如果能收回来一点，那就更完美了。

总之，刁亦男再一次用他强烈的风格，征服了我。这部电影应该就是今年国产最佳了。"
暖,50,力荐,2019-11-23 15:46:07,刁亦男拍的并非是这个故事，而是他们所处的这种当代中国城市空间里的绝望与抽象。他以几乎完美和充满压迫感的影像，提炼了出了现实生活中抽象的那部分体验，那些用光在现实感的来源下，营造出一种彩色表现主义乃至「彩色黑白片」美学，打造出了人物心理感受下的超现实主义的当代中国图景，演员在他的电影里是传达这种体验的工具，人物没有过去，城市也没有历史，这种模糊化同样也是一种普遍性。这当然太黑色电影了。
飞檐,50,力荐,2019-11-26 00:28:13,空间的诗学，黑色暴力的美。把南方城市的掠影完全融进剧情，武汉角落的浮光掠影，市井声中的处处伏笔，市民生活的装置影像，动物凶猛的隐秘暗喻，所有细碎的交织中，主线清晰，暴力追逐之下，救赎是落点，理性的留白给出无限延伸的想象空间，最后一幕如《假面》的暗喻。太好了，或将心中年度华语最佳。
seamouse,40,推荐,2019-10-21 13:32:10,和我一样忽然发现自己听不懂武汉话的你们，盯着英文字幕看那么多的人名和古怪翻译，难道不疲惫吗？所幸暴力和情色场景设计（怎么没见人说桂纶镁和胡歌那场尺度夸张的“船戏”）设计实在太独特，在剧情和杂乱人物之外能立即吸引到注意力，对城中村环境和生态的展示也实在出色。
饮歌,40,推荐,2019-09-07 01:56:37,风格化强烈的犯罪题材，在中国电影里真的不多见。剧情上的简陋实在撑不起这么久的片长，但的确有很多吸引眼球的地方，特别是整部电影的摄影，搭配着随处可见的霓虹，那种粗粝感很带劲。
毛香菇,40,推荐,2019-12-01 20:41:12,有几场戏挺妙，比如帮派开会和警察开会的形式是一样的，动物园的夜戏，跳广场舞的那段。希望刁亦男一直拍桂纶镁。
VeryGZ,40,推荐,2019-12-03 00:51:28,水泥丛林里的困兽之斗，弱剧情强视听，动物园一幕是最吼的。其实对一众演员和他们的武汉话颇有微词，甚至觉得两位主角人选尚有讨论余地，胡歌气质太“正派大人物”桂纶镁又没欲感，替换为有匪气的廖凡和风尘味十足的曾美慧孜不知是否会好点。相比之下市井、光影、霓虹、轰鸣、嘈杂、枪声则夺人耳目多了，尺度令人满意。但……就是没NWR萨弗迪的爽感是怎么回事？@寰映合生汇杜比影院 不散场
基瑞尔,40,推荐,2019-08-05 22:36:51,跟着导演的每部，都足够看到肉眼可见的变化和进步：更加明显的类型化，当中意外看到了“武打老片”、“末路狂花”甚至是“冷色调粉红电影”的影子；和主线剧情的调剂，纯爽戏和幽默作为叙事之外可以不用那么压抑的穿插。当然必须要提的还有觉宝又欲又像大爷吃完饭消食前来串场的cameo，所以看得很舒服。但是情感力度和演员作用不及《白日焰火》，或许下一部就能交出集大成的作品了。
阿子,40,推荐,2019-12-06 11:27:11,片名排版有点……引起不适。。。武汉话能力运动会，廖凡赢了。09年有那么多霓虹灯鞋么？红金龙出了多少钱？为什么没有人抽黄鹤楼？以上就是我的疑问。其余都好，摄影也太厉害了
kulilin,50,力荐,2019-12-02 20:54:41,一流的电影语言和声音
苏老大,50,力荐,2019-06-19 15:06:46,导演说这个片子的名字来自于这个剧本的第一个句子。这句话初听有点玄乎，但仔细一琢磨，这就是诗人思维。这部作品在《白日焰火》之后，从另一个维度补充形成了刁亦男的风格，我谓之为“创伤自救型”叙事—困兽在自寻出路时的奇遇。这是粗粝后的一次温柔，是绝望后的一次回望，北《白》南《南》多么好的一个对仗，这一次不再冷彻，而是黏腻，《白》是冰雹后的庄稼地，人性残破不可收拾，《南》是细雨后苜蓿花，是凄艳的奇情。桂纶镁的表演艺臻化境，从心里长出来的底层女性的傲娇和恐惧结合，面对急转直下的错综的暴力、压迫、爱情，她小巧的身体表达了无尽的被挤压在一起的情感。电影中多处情绪闪闪发光绮丽多姿，面对突入的爱情的笃定，在人性之悬崖处的择决，都是导演叙事能力的又一次体现。
无人应答,40,推荐,2019-12-03 17:20:20,导演风格化的视听语言大于一切，于是在杜比厅里仿佛看出了4D感，实力加分，你能感到电动摩托车队从身边呼啸而过，火车头顶轰隆隆疾驰，地板都在震颤。方言让故事自带浓厚的地域色彩，但也拉远了与北方观众的距离，削弱了故事和人物本应有的重量。
PureSucker,40,推荐,2019-05-19 02:27:44,够brutal够有劲！在戛纳看到这样的华语电影太过瘾了。提气！（有缺点，动作设计和空间叙事有点瑕疵）
马泽尔法克尔,50,力荐,2019-12-09 20:19:12,原来那个不好好工作、专偷电瓶车的周某大名叫周泽农。
獨孤島主,40,推荐,2019-11-24 17:29:14,于相对密闭的物理空间里制造出连环的令人不断多疑的心理空间，比《白日焰火》的影像风格化更进一步。比较喜欢旧楼逃杀的日式配乐，与标识强烈的雨和迷夜浑为一体。
笑意,40,推荐,2019-05-20 05:27:21,作为主竞赛影片，在戛纳是一场非常盛大的首映。映后有机会与主创们交流电影，实在是太棒了。影片看完后很多内容还需要咀嚼，又回味了很久。人物之间的关系是复杂而微妙的，暧昧从沉默中萌发，在潮湿黑暗中的霓虹中，或在湖水上的扁舟里。广场舞上发光的鞋、动物园里的逃犯，都是真实存在于现实中的光怪陆离。
SebMia,40,推荐,2019-12-10 19:02:48,从影像风格到故事结构，都像极了前作。优点是导演技巧的明显突破和个人风格的有力强化；缺点是把电影的“片段”拍的足够精彩，但整个故事却丢了重心，显得绵软无力，看完几乎感受不到它的后劲。要说影片带给我的思考，只有片尾让我苦苦一笑的那行“三天后，警方将刘爱爱带走调查”，在“情与法”面前，我们永远只能站在法的一边，这也是中国导演一直以来的创作困境，只有走出这个困境，中国电影事业才能真正起来。我想，片尾那行字或许是导演为过审所做的最后妥协吧～感谢刁导和那些在过审边缘不断试探的导演们，在你们身上，我才隐约看到了中国电影的未来，谢谢你们。8/10
康夫,40,推荐,2019-12-09 21:37:38,好棒，好喜欢。虽然廖凡怎么看都像打入警局的反派，胡歌怎么都像蒙冤的好人😍
内有恶犬,40,推荐,2019-12-02 21:09:31,视听层面上的华语年度最佳，杜比厅音效完全值得一张电影票。选角和台词仍有遗憾，但在光影的锋芒之下显得无足轻重。武汉天生适合这样生猛的故事和表达，每每万箭穿心，总是浮城谜事。
拐子流星锤,50,力荐,2019-12-07 19:17:35,太好看了！观影过程很享受，一些段落想起天国和地狱、侠女和江湖儿女，我就是很吃中华奇观这一套！去他妈的老外，谁说只有老外爱奇观！动物园对峙超级棒！但是胡歌不行！我对他有成见，片尾曲怎么能让他唱，出来资源我要手动改成陈蓉蓉版的！
渡人自渡,50,力荐,2019-11-22 22:50:44,黑色的冷雨夜，上演了一场充满宿命感的，直击人心的困兽之斗。为胡歌和桂纶镁疯狂爆灯！刁导做出了形式感十足的警匪片尝试，在娄烨的《风雨云》之后，城中村会再度被推上话题中心吧。动物凶猛，动物惊慌失措，影片结束，围观的我们又何尝不是动物。
维克的幻想,40,推荐,2019-07-02 06:23:15,#ffmuc 终于知道为什么昆汀中意此片，雨伞刺杀的场景简直就是昆汀style。大篇幅的夜景，灯光和影子，各种影像符号，使全片充斥着失真的荒诞感。故事性不如《白焰》，但刁亦男营造的南方夏夜的潮湿闷热感，倒是和今天的天气出奇的搭 P.S.桂纶镁的演技很惊喜，相比《白焰》，这部片的表演空间更大
ℓ,40,推荐,2019-11-28 23:07:41,感谢资方花大钱让导演练手
王蛋清,50,力荐,2019-11-22 23:38:34,看一群说着武汉话的外地演员互相飙演技真的是一种享受，配合上刁亦男导演这次凌厉的影像风格和霓虹灯的光彩美学，着实有一种光怪陆离的神秘感，作为在武汉定居的湖北人也确实有种熟悉的生活感触和超乎地域的架空时光，故事节奏优秀，演员表演带感（曾美慧孜也是惊鸿一瞥），导演风格更是没话说！
malingcat,40,推荐,2019-12-11 16:31:35,我给四星！武汉话自带一个江湖。
1,40,推荐,2020-02-04 22:55:26,拍得很好。比贾樟柯的《江湖儿女》有更多的江湖情义，结构与形式也比之有更多的形式美感。就如徐皓峰的《师父》是对中国武侠片的一次新实践拓新，这片也是对中国犯罪江湖片的一次形式极其沉稳的的创新。现实环境空间的写实吸纳比所有已有的当代类型电影更不动生色，比所有的当代现实主义电影都更具形式美感考究。刁亦男完全成熟了！在类型片与对现实含蓄关照的电影型式融合上实现了比贾樟柯和娄烨更为风格独特、更专营溺于纯美的形式享受、更有远离工业声名和自身创作因习与窠臼影响的秘静思考的地境。这部片故事原很简单：江湖无义，亡命有情——不料布局展开却搞得环环相扣，错综复杂，巧思连出，机段不断，还深得“ 三岔口”空间的意境趣味……当真是融合与平衡功夫了得。当然表演与美术灯光等方面仍有称不得滴水不漏之处，但优远大于疵，在此不表
吃 硬,50,力荐,2019-12-06 12:54:31,试问哪个女孩不想在东湖边跟拐子一起抽红金龙呢？
Linda,40,推荐,2019-09-14 06:08:30,胡歌太帅了导致跟这个电影情节和人物设定严重不符 他整个人放在这那帮偷车贼里面只能用鹤立鸡群来形容 以至于我从开始就在想他会不会是个警察卧底 反正就是很让人出戏 虽然他演的貌似还不错 没有以前演电视剧的影子
糖罐子,40,推荐,2019-12-06 20:37:30,在巨大的尖锐的喧嚣的外部声音中，旁观者永远听不清剧中人说了些什么达成了密谋和解甚至情爱，也许连他们自己都没听清楚，仅凭一种破罐子破摔的直觉雾失楼台月迷津渡，直至穷途末路。
子戈,40,推荐,2019-12-03 11:16:04,"还没去过武汉，看完这部电影，像是去过了。
这部电影，空间才是第一主角，人物反而成了导游，是为展现空间而存在。
开片两场戏。一场是犯罪组织划分势力范围；一场是警察划分搜捕范围。正邪两拨人，指着同一张地图。看起来是人在支配空间，又何尝不是空间在驱使人？
连绵不绝的雨，没完没了的夜景，五彩斑斓的霓虹，塑料棚后，是人或长或短的影子。
刁亦男说：这是一部纯情的电影。
或许是吧。
但我想说，它的暧昧性，才是最迷人的部分。
这一场南方车站的聚会，来的都是一个个灰色的人。
长评，过两天发。"
Minty,50,力荐,2019-10-01 04:00:38,以类型片论，这是一部出类拔萃的黑色电影。以此为前提，才往后聊。映后谈主持人问什么导致了刁亦男从早先社会批评到现在类型片的转变，刁直言社会批评电影很难拉投资。不过这挫折也让他很幸运地遇到了类型片，发现类型片同时融合作者性和社会性的可能。将这种可能作为观看的出发点十分恰到。在前作《白日焰火》中，镜头对准北方老牌重工业城市的衰落。而到了这部电影，故事地点换成了武汉，视野却放大到了城市化进程中的遗孤——城中村。城市化进程不平衡，社会阶层矛盾和资源稀缺等问题转化为阶层内部矛盾。刁将阶层中的各式人物拉到同一平面，展示他们之间无休止的内耗和困斗——这种具有普适性的斗争，除了两败俱伤外，没有出路。问朋友这样的场景他觉得现实吗？他说有点远，像停留在了上个十年。我也同意。话题过时了吗？不，恐怕是我们大意了。
Jessie落羽杉,50,力荐,2019-07-18 16:47:23,"看于6月6号慕尼黑电影节。当时是第三场放映的最后一场，90%的观众都是华人面孔。
优秀的类型片。我觉得电影是演员的表情细节，电影的表现形式和感官体验大于故事性和情节密度，夜场戏很多，所以还是在电影院看比较合适，能更好的体验到比较震撼的视听和追逐镜头。
是好电影吗？当然，是非常优秀的华语片。以上"
好好上班,50,力荐,2019-08-06 17:01:30,墨尔本国际电影节看的首映，周泽农真是生猛，开始的时候我有点怕他，最后却开始心疼他，结尾的慢镜头和歌声（应该是胡歌唱的吧）好评，我后知后觉的哭了，结束后有人鼓掌我也跟着鼓掌了。没看够，想再看一遍。胡歌很惊艳，眼神超有戏，动作戏太厉害了，胡歌居然这么能打！桂纶镁很好看。比较意外的是这片的笑点居然也能戳中老外，他们反应比我还热烈，刁亦男真是非常成熟的导演了，对片子的整体把控比白日焰火更加厉害
Gawiel,40,推荐,2020-02-03 00:36:09,偷摩托车、警察、小工厂老板的三场“会议”，都是大哥分配地盘，模糊了“黑白两道”的界限
大海里的针,50,力荐,2019-12-06 18:01:19,开头就很牛B，这么生猛的国产片在院线真的很少见了。镜头、打光、表演都很有电影感，这不是说废话，同样是电影，你在爆米花片里看不到这些。最惊艳的就是对几处雨伞的运用吧，用雨伞映出桂纶镁的身影，用雨伞表现血腥场面……胡歌的电影感也很强，尤其吃面的那场戏，我个人觉得在国内中青代演员里是仅次于段奕宏的吃相。
Mallory,40,推荐,2019-12-09 19:44:27,7分，全片最糟的就是胡歌和桂纶镁，一个眼神可以演偶像剧，另一个一摆pose就像在演青春剧，两个人加起来的时候表演速度像在拍抽格慢镜。导演调度好牛逼，雨伞杀人美学100分！镜头语言优秀，就是某些节奏还可以加快，不要鼓励长这么好看的演员表演忧郁。
特立独行的蝈蝈,50,力荐,2019-11-22 22:38:25,刁亦男式的非典型黑色电影，胡歌演技让人刮目相看，桂纶镁美啊！最喜欢吃面的一场戏，人物的挣扎和和解在追逐中像一滴滴雨滴敲打心灵，廖凡说看到最后他觉得特别温暖。推荐大家12.06去影院一趟看看是否也像廖凡一样在影片最后感到温暖。
Danny,50,力荐,2019-12-09 14:07:56,今年华语最佳了。雷弗恩的光影的表，布列松的里子，胡歌几乎是从布列松的《钱》里出来的男主角，沉默无语，或是逃亡，或是反抗，但无可奈何要接受悲剧命运之路的走向。泽农的死，像极了《精疲力尽》，必死无疑的结局。整个节奏和画面因为手部动作大特写的运用，显得如此干净优雅。声效设计就更让人惊艳了。看完非常明白昆丁看这部电影时候的反应，这部几乎是如同昆丁擅长那样，如此会跟影迷“调情”的一部电影。廖凡的演技让他几乎可以在当下所有华语电影里扎住脚，塑造了完全让人信服的基层警察形象。唯独可惜的是，桂纶镁的气质太干净太时髦了，在这样一个魔幻离乱的小镇里，显得如此耀眼与格格不入。
康堤,40,推荐,2019-12-09 00:15:15,有种集大师于一身的感觉。——这只是一句描述，不全是赞扬。刁亦男的影像想象力实在太强了。我最喜欢：1.马戏团和动物园两场戏；2.所有的空间走位；3.我要在你身体上打开一把伞；4.居民楼里的空间调度。
野猫之恋Jack,40,推荐,2019-11-22 22:56:16,"非常感谢桃桃观影团提供超前观影映后见面会活动。影片是胡歌作为第一主演的第一部电影，开头就是胡歌凶狠的目光，几场打戏中，胡歌的打斗动作戏十分凌厉，三个字，“稳准狠”。
影片从头至尾，有过4次“聚会”，一是盗窃团伙分地盘，二是在馄饨面馆的大街上警察逮捕行动，三是周泽农和刘爱爱“开房”，最后一次“聚会”是结尾两人吃面的场景。影片充斥着大量的血腥暴力画面，盗窃团伙和警察开枪无数，死伤十几个人，开头的叉车切掉了脑袋，镜头一点都没避讳，口味之重实属最近几年国产黑色电影里的NO.1。
胡歌，小镁，廖凡三人的角色中，胡歌的人物形象是最丰富的，有冷静凶狠的一面，也有温柔的时刻。
电影下周就开启路演了，期待能和导演、主创有第二次的映后交流机会。影片也强烈推荐大家去看！"
雁城,50,力荐,2019-12-06 14:57:22,首先利申，我是贾樟柯粉丝。然后，我太喜欢了。不是小武的那种，是天注定的那种。动物、马戏团、成吉思汗。实际上并不是在拍一个奇观化的底层，硬要说的话它是在拍一个奇观化的社会。三次开会，黑社会的开会、井察的开会、夏岗工仁的开会。一是黑，一是官，一是民，但是使用的话语体系和逻辑思路如出一辙。这个社会不是被割裂的，反而是趋同一体的混乱着。互相借用着语言，陷入类似的深渊。那又说回来了，这片子奇观吗？我觉得够真实够日常了。再说，我向来觉得最无聊的指控就是“拍这玩意儿是想拿奖”，谁不想拿奖？用点艺术化的电影语言，搞点不够伟光正的内容，又不是做了亏心事了。又不是谁都活在那啥联播里，埋汰谁呢。
壹安²,40,推荐,2019-12-01 22:25:49,能拍出自己的风格、用空间和光影来讲故事的，实在少数，但刁亦男能做到。比《白日焰火》节奏更生猛，情绪更浓。表白我们小镁，能融入这种方言氛围内，让你完全忘记孟克柔和路小雨们。
李濛Lemon,40,推荐,2019-12-07 22:58:15,角色的动机是明确的，心理动向是模糊的，像是被命运之手推搡着，在绝望的黑夜中行进。很喜欢片中的几组蒙太奇，动物园里动物们的眼睛，马戏团中人头蛇身的女人，还有那些糊墙的旧报纸，传达出一种超现实的意境。警察搜捕那条线真是满满的求生欲，明显是为了过审而加大了“正义一方”的占比，但是整体效果还是很好，调度和光影真美。
尉迟上九,40,推荐,2019-12-06 14:39:22,看完感觉耳边还回响着枪声，有几场戏看得我瞠目结舌，迷人的光影，凌厉的剪辑，出色的运镜，暴力的冲击，在国产片里实属罕见；视听上的设计很惊喜，抓准了黑色电影的精髓和要领，虽然剧情看上去零散而单薄，角色就像一座座孤岛，沉溺在各自谜之深沉内敛的状态中，但不会让人觉得讨厌或反感；当一部国产片能让你觉得剧作上的瑕疵能被充满感染力的影像风格所弥补时，就已经具备了一种讨喜的能力。
牧羊的水鬼,40,推荐,2019-12-07 22:01:04,强盗和警察的对称群戏太机智了，喜欢。
渡边,40,推荐,2019-12-09 21:47:55,真特么是各种奇观，没想到是这么喜感的片子，我跟隔壁一哥们儿简直笑到不行。刁亦男可以的，中国南方维伦纽瓦。除了两位主演实在违和，感觉跟其他人在两个片场，只有他俩是慢动作，说话也是0.5倍速，最不像逃犯的逃犯和最不像🐔的🐔。
Triathlon,50,力荐,2019-06-29 17:24:07,无论是叙事结构还是镜头运用，节奏把握都非常棒。人物塑造与环境融合十分和谐。明面上不是一部文艺片，但是最直观的联想就是《路边野餐》。比娄烨今年那朵云真的值得夸上许多。男主角的演技也很有突破。
冰山的阴影,50,力荐,2019-12-09 15:00:56,太难得了，一部真正纯粹的中式黑色电影。刁亦男打造的异色图景与现实地域看似断裂，但如果理解了中国人内心潜藏的小农意识与暴力传统，一切都将无缝衔接起来。Rasputin则作为全息世界的切片与密码隐藏在力比多的群众性狂欢之中。这也就不难解释在路演访谈中刁亦男频繁地提及楚原和胡金铨。
发条大丑橘,50,力荐,2019-12-02 23:37:25,既然生路无门，但求死得其所。难得的在国产电影中看到如此丰富的试听感受，几场群戏的调度也非常赏心悦目。动作戏出乎意料的好，一把贯穿身体绽放鲜血的雨伞，太有想象力。整体素质配得上戛纳主竞赛，期待导演的下一步作品。
影杂志,40,推荐,2019-12-06 19:58:03,“3天后，警方将刘爱爱带走调查”。没有这行字幕，会好很多。
江雪华,50,力荐,2019-05-19 01:32:40,"想象一下 如果周泽农这个人物是你 你会怎么做？
一部作品大家都叫好很容易 一部作品大家都觉渣也很容易 但是一部作品竟有冰火不融 截然相反的评论 似乎不多？作品讲故事是初级水平 讲情怀是中级水平 有思考才是高级水平 看南方车站的聚会 除了视觉灯光只看故事不一定吸引你 看情感也难忍 只有边看边想 再想 如同酒己下肚却仍在回味才方为上品"
夏奈,40,推荐,2019-12-13 20:27:15,廖凡那是范希哲不是爱马仕啊！
Y.Phoenix,40,推荐,2019-12-06 15:04:08,一部好看的犯罪类型片。少见的题材，用非常风格化的影像美学呈现出了社会最底层的机理。在大量昏暗的镜头中，对灯光和影子的运用很抢眼，尤其喜爱动物园的处理方式。期待在院线看到越来越多优质的国产犯罪类型片。
天籁💤,40,推荐,2019-12-11 22:13:19,"城中村爱好者刁亦男，好浪漫一男的，对光影的排兵布阵绝了。昆汀评：“看完这部电影的第二天我更喜欢它。”我赞同，看完夜场后劲犹在，上头。
喜欢《白日焰火》的大可放心观看，相似的内核+新升级配方。为盗贼大会上的斗殴戏爆灯，比理发店爆头戏更劲道；广场舞闪光鞋和冰场溜冰鞋也是呼应。当透明冰雪融化成氤氲水汽，力道不弱反强：断头飞车、穿肠伞花、动物园兽眼蒙太奇、筒子楼枪战暗影幢幢、野鹅湖一片蔚蓝细浪翻涌、夜舟上依偎温存似薄雾轻笼。陌路相逢的人啊，再为你点一支烟吧，顺路同赏穷途山顶车灯的流光，在最后一碗面里为你加上一点酸辣。
人物的功能性>独立性，整体被情绪带着走，群戏更好看，但这无妨，这部片的主角是这座城里存在的困境和这一夜无处安放的狂野。小镁这部比白日焰火演得好，老胡再接再厉~立体的脸走大荧幕比硬照带感"
哼哼.floweray,40,推荐,2020-01-30 22:38:38,"看到90分钟56秒的时候，实在是按捺不住了。
娄公子，贾科长，包括刁亦男，凡是拍这种我暂称其为“当代江湖片”的时候都给我一种故作脏乱差的即视感，捎带着是那种感觉炫技的光影交错。
日本昭和时的剑戟片没有，香港全盛时的古惑仔黑社会没有，近来韩国的黑帮片也没有，就是东亚除了大陆，关于“江湖”的电影都没有给我这种感觉。
陷入了一定的思考：可能最大的黑社会是……或者说这片土地最强的黑社会掩盖了真正的江湖。"
大黑骡子,40,推荐,2019-12-07 19:19:12,声音运用太棒，京剧打戏效果非常惊艳，这种风格拿到国际上也很有特色了，迷影元素也加分。可惜了剪辑算是短板吧，演得也一般，理应更加优秀的呀，遗憾。
掉线,40,推荐,2020-01-19 22:14:10,【B-】影像牛逼，这就是我那潮湿而野蛮的老家本家，动作戏甚至拍出了武侠感，但没有白日焰火里，独舞和放烟花那样的时刻。
江湖骗子,50,力荐,2019-11-23 00:13:57,金鸡国内首映，与戛纳版本时长一致，足本放映。这样一部电影，带着黑色的诗意，是少见的有文学性的华语片。胡歌身上的脆弱气质给了逃犯角色一个反传统，反脸谱化的惊喜，表演细腻精准且冷静克制。有可能有人会觉得有点反传统观影习惯，但实际上是艺术性上的降维“攻击”。是个有棱角有野性的电影。
顗礼,50,力荐,2019-12-06 23:37:43,警察与盗贼、妻子与陪泳女，两种互文关系；照着地图分配任务，偷电瓶车的是贼、抓通缉犯的是警；爱同一个男人，柜子里面是念想、镜子里面是希望，二位一体的结局构建指向已经很明确了吧。比《白日焰火》要好太多的迷影电影，生猛的宾馆打斗与动物园枪击后，是接连不断地惊艳，刁亦男把行云流水的追击调度、魔幻现实主义的物项、黑色电影的宿命感、贯穿全片的京剧鼓点、乱入的黄觉与突出到夸张的背景音融为一炉、打破再造，满满的设计与实验、把形式大于内容变成褒义词、也为华语电影提供一个新的可能性。
伊夏,40,推荐,2019-12-08 20:06:45,视觉上没得说，挺想买发光舞鞋的（闭嘴）。倒也没觉得演技有问题（只是黄觉真是无敌烂），想来想去可能还是故事太奇怪，或者导演想塞的太多，像是交错拍了几部电影穿插着展出。
哈喽hu,50,力荐,2019-11-26 00:18:11,"小人物的故事，周泽农的刻画颠覆了我对胡歌的固有印象，这个人是否该死？是否可怜？为了给妻子留下什么，设计的一系列逃亡，结果功亏一篑，是否可叹？
好喜欢胡歌对角色的掌控，那种逃亡时面对各种人物各种环境的眼神动作状态展现的恰到好处。导演在光与影的处理方面非常的惊艳。"
张晚禾,40,推荐,2019-12-06 19:13:25,华语片里独树一帜、自成一体的强烈的风格化影像，“戏”拍得很好，几场追逐戏，外景的环境戏，但人物是不是稍微扁平了些，两位主角的情绪都压在了“戏”下面，压在脸部和肢体的“里面”，层次感不够鲜明（部分镜头），胡歌的表演还是“由外而外”的，脸部的表情、肢体动作，更像是经过了表演训练，这种张力并不是从内部冲脱出来，他们只是完成了“一系列动作”，但整体情境氛围很好  @中影小西天
蝠蝠,50,力荐,2019-12-07 00:05:29,是一种很特别的观感，不像《白日焰火》包裹地那般严实，而是那种炸裂开来的，直扎入心底和眼帘的感觉，好吧，总结就是一个字：爽，毕竟是能使我忍受膀胱震颤之苦110分钟的电影，怎么能够不喜欢。
Marvin,50,力荐,2019-12-07 15:29:06,堆了好多元素但真的好好看
鲸鱼君,50,力荐,2019-12-06 19:08:19,这个导演拍过《白日焰火》，那部就给我惊喜，这部更加成熟。不只成熟化的风格，还开创国产电影新美学。（1）戏剧化的音效，在几场紧张的追踪戏里，音效不仅烘托气氛，还参与叙事。配乐有京戏的走拍，处处有利用声音表达，细致精美。（2）镜头的实感，即有风格化又带有银河映像式的暗黑质感。特别是市井烟火气的真实感，群像人物内在的爆发力。多处血腥场面粗暴呈现，且不失艺术性。这一点强于《烈火灼心》。（3）拍“坏人”的故事，《白日焰火》亦如此。不是为表现坏，而是表现真。真无奈，真挣扎。注定粉碎也要奋力一搏。最后成功拿到奖金，如地藏菩萨舍身度人。
李不言,40,推荐,2019-12-18 21:22:03,该片之后刁亦男作为中国黑色电影独行者的形象愈发清晰，这个形象倒是与片中的周泽农有着异曲同工之妙：在一张日趋收紧的大网下狼奔豕突，做困兽之斗，孤独而悲壮；只是周泽农必死，刁亦男尚有突出重围的一线生机。追与逃，再次成为了刁亦男作品冲突的核心、悬念的来源，同时也表现出了和《白日焰火》类似的去主题化倾向，因为刁亦男不看重事，他看重人。《白日焰火》中，我们看到了一帮男人对一个异乡女子的层层盘剥的冷血绝望，这得益于以男女主角为代表的一众角色的精彩刻画，而到了《南方车站》，我们能明显感觉到刁亦男对于影像的重视超过了剧作，人物内心的建置不足直接损害了导演所要追求的黑色魅力，而他在影像形式上大量参考沿袭了德国表现主义、意大利铅黄电影及尼古拉斯·温丁·雷弗恩的视听设计，这种做法进一步削弱了作品的独创性和感染力。
薇羅尼卡,40,推荐,2019-12-13 19:21:40,非常刁亦男。雨天、车站、陪泳、凶杀、动物园、摩的手。镜头打光极其迷人，塑料布的阴影、动物园的追击、白雨伞的盛开。除了男女主角人选比较失败，其他都恰到好处。
一美就是美,50,力荐,2019-07-23 21:09:09,新西兰影展看的，作为国产片，很难得。这是一部导演个人风格极强的影片，刁亦男对于场景和故事节奏的把控能力非常牛。胡歌第一次大荧幕主演，表现非常亮眼，让人印象深刻。桂纶镁比白日焰火里演的更放更开了，可能跟饰演的角色设定也有关系。故事像心电图一样呈跳跃式展现，国内上映时估计会剪掉不少镜头，希望不会影响总体观感。
мая,50,力荐,2019-12-06 19:46:00,8.5，顶配视听，雷弗恩式的霓虹美学加黑色电影的阴影打光，生猛的断头和雨伞杀人尺度惊人，从字幕开始就显示了刁亦男高度风格化的电影美学，几场动作戏特别有形式感，特别是动物园围捕段落，湖边的野鹅和突然入画的老虎显示了非常独特的审美品味。主观视角的下剪报剪辑辅以声音蒙太奇十分炫技，但拿来转场确实漂亮惊艳，这是导演技法的胜利。最难以想象高饱和打光下的霓虹美学竟然能把脏乱差的城中村拍出如此别样的美感，南方雨夜下的潮湿阴冷把握的很精准。非常难得的就是在保证黑色电影的底色下，刁亦男还保证了自己的最大限度的作者表达（虽然听说也跟白日焰火一样公映版删减了），所以那是说审查制度会阻碍艺术家表达的，看看刁亦男现在的类型片水平吧，我敢说现在的黑色电影扛鼎者就是刁亦男老师了。
察妹,40,推荐,2019-11-22 22:58:27,影片完成度高，比预期好。桂纶镁又欲又仙，胡歌有惊喜，片尾曲好听。刁亦男狡猾浪漫。暴力和色情，荣辱与共。
缺一只蛋黄,40,推荐,2019-06-29 21:26:05,刁亦男不愧人心洞察家，从没想过胡歌身上也能被挖掘出颓靡的混混气质，同时脆弱感又被镜头语言放大数倍，仿佛被锁链捆住无法挣脱。周泽农这场向死而生的逃亡，开车是追不上的。
你是敦煌来的吧,40,推荐,2019-05-19 01:11:16,近两个小时的电影，像乘坐一班夜火车。到站了，下车，你旁边的人急着先下，胡子拉碴，你说你长的好像一个演员啊，他说，认错了吧你我叫周泽农。
海底的毛衣,50,力荐,2019-05-26 01:59:15,Neon theatre 镜头里的舞台剧，霓虹+色彩饱满，每个角色都很可爱，幽默讽刺极了，因为大陆滤镜多加一分，也或许过于stylistic并不适合所有人，可是我就看的超爽（也不耽误taratino拼命鼓掌
思路乐,50,力荐,2019-12-07 15:46:05,【A+】一部彻彻底底的形式主义电影，但绝非贬义。在这里，形式不再是“喧宾夺主”或是“反客为主”，形式就是电影的全部。在导演的选择下，人物都是这个社会随意摆弄的道具，故事只是这场追捕中的无关变量。而那些物件、空间、光影以及它们最后在银幕上所组成的整体，才是真正的主角。荧光鞋下的抓捕，野兽注视下的枪火，湖雾环绕的爱抚，以及塑料伞内的暴力绽放，魔幻的影像，平凡的世界。那些街角的水渍、烟头、浓痰，是肮脏的，寻常的，更是美丽的。所有属于我们的空间记忆，在影像里都被赋予了全新的意义，熟悉而陌生，但它仍然属于我们，属于我们的精神角落，属于我们每个人的城市记忆。从这个角度来讲，刁亦男应该是10s华语影坛最伟大的作者导演。
SUZIR,40,推荐,2019-05-20 22:38:51,看了5月18日的全球首映场，主创全部到场的那一场。剧情来说稍显平淡，但是胡歌和桂纶镁演技上线，很多镜头或有暴力或有残酷，相当具有冲击力，也很震撼。全片基本上都是夜色为主。戛纳场刊评价不错，期待有所斩获！
Clyde,40,推荐,2019-12-08 22:02:01,虽然是形而上的作者电影，但刁亦男对犯罪世界的生态系统的呈现，既真实又高级。我把刁亦男的前三部称为“制服三部曲”，第四部，“制服”不再是主角，北方也不再是主角，难道，刁亦男接下来会拍一个“南方系列”或“犯罪系列”？
瓦瓦,50,力荐,2019-12-06 13:17:33,没有看过白日焰火，看完这部决定回去补上。故事完整角色饱满，画面优秀风格出众，埋了不少冷幽默的梗，用方言值得再加一星。桂纶镁和廖凡稳定发挥，倒是胡歌彻底摆脱了小生的形象，挺让人惊喜。小时候在这种南方小城镇长大，对电影里故事发生背景的细节都感到亲切，老式的金鸟摩托车，路边的馄饨摊，简陋的小卖部，墙上的拼音贴画，都是如今在城市里看不到的回忆了。值得二刷。
BBean,50,力荐,2019-12-06 10:39:00,天才导演加天才演员，创造出一场震撼的视听盛宴。国内居然能有这样尺度的电影，这样用心的电影人，令人欣慰。年度最佳，不容错过。这个电影必将载入中国影史。
Enjolras,50,力荐,2019-12-06 15:09:15,作为一个在武汉生活了四年的湖北人，看到一部武汉方言对话的电影自然是倍感亲切。影片更大程度上刻画的是武汉周边城镇地区的景象，是正轰轰烈烈搞发展的中部大都市的另一面，很真实，但也虚无。边缘城镇的灰色地带，有荒芜的废墟，有喧闹的斗室，有“天使陪泳、包你满意”的河滩，有“五元一唱”土味魔幻的乡镇马戏团，南方潮湿的生活触感和错杂的乡土气息，从某种角度来看，和重庆，和贵州，都是相通的。当然最出色的还是影片的影像风格，导演刁亦男在叙事上选择了“钝”，在美学上则毫不吝惜自己的锋芒。对于黑色电影的风格打磨，比《白日焰火》之时更加成熟，镜头的旋转和对阴影的应用让人印象深刻；场景的调度亦不乏佳句，尤其动物园追捕那一段，光怪陆离之中尽显气氛的神秘与危险；透明雨伞之下杀人更是颇有视觉冲击力的暴力桥段，相信昆汀会喜欢。
一灯,50,力荐,2019-12-07 13:56:22,梅西夜奔
曾二郎,40,推荐,2020-02-01 23:08:21,现在做演员真难，想拍个文艺片还要会方言
不正同學,50,力荐,2019-05-19 17:07:31,非线性紧凑叙事 很暴力的同时又很唯美 难怪昆丁喜欢 大概是最近看的黑帮片中女性形象最立体的一部 老胡吃面好香
🦥,40,推荐,2019-08-19 14:19:21,二刷。优缺点有字幕的前提下更加鲜明了。然而归根结底是部剧情片，其实觉得第二遍看下来并没有特别多新的收获与发现。还是先论优点 1. 镜头用的克制，人物描绘得饱满。尤其是对于开头，车站的聚会：一根烟。昏暗的灯光下。两个人的对话。给人的镜头感太好了。2. 机车运动会那一幕依然是我的最爱。草草几个镜头挟杂着刻意唐突的背景声，场面血腥刺激也极富感染力。3. 桂纶镁的演技是给影片加分的。她的身板，神色，一举一动，与胡歌整个人及角色形象所呈现出的“凌乱感”相比，更易让人看得清透，更能使人深得其意。缺点 1.炫技的几段虽没翻车，但放在这样的剧情里实在是刻意。霓虹灯光也是，左一出又一出，整体感欠佳。注重细节是好事，但同时也不能忽视格局上的安排。2. 剧情侧重点不够。节奏感不好。尤其最后甚是拖拉。让人看得迷糊。
奶 嘎 牛,40,推荐,2019-12-02 21:26:42,印象深刻是光源和音效的运用，很多场景都在各种颜色霓虹光源和颜色对比效果中，更加了突出暗黑气质。
放开那个浪味仙,40,推荐,2019-12-11 10:34:00,霓虹灯，下雨的夜，生猛的武汉人，没有尽头的末路逃亡。表白小镁❤️
巽,40,推荐,2020-03-08 01:30:35,不好的地方：完全不像底层的主要演员，他们的马脚就跟他们蹩脚的武汉话一样多。除了廖凡，廖凡一出来，才觉得“气”活了起来，而不尽是精心打造的舞台前一个个没有灵魂的偶人；导演太热衷于底层视觉奇观的碎片化堆砌，这样的电影，1-2幕奇景足矣，多则匠气。景与景之间割裂，镜头只在走马灯地展示导演精心打造的幕布，场景里“设计”的部分太多，大道无形啊。以及彩蛋式的扣分项——哪个混乱街头的小面铺会卖这么清汤白水的牛肉面？更不要说设定是在武汉了——细节暴露身份，终究还是旁观的局外人。以上是出于审美吻合而吹毛求疵的挑剔。最后一战很好。美丽的梭罗河和大醉侠加分。
字母君,40,推荐,2019-12-06 11:48:51,"在夜色中与眼和耳作斗争，高压把五彩斑斓压成了一坨黑。
运镜、动作的机械感和“监控”、“表演”的逻辑类似，胡歌和桂纶镁的Noir反英雄形象从楼盘广告上的都市景观走进一团乱麻的城乡结合部，在风声鹤唳的“举报社会”中，混入集体、欺骗体制成为了对抗的唯一方式——虽然还是逃不过被体制之手用一条字幕轻易翻盘的残酷命运。
（2020.2.23重看MUBI版）"
诸葛若见,40,推荐,2019-12-02 19:08:34,潮湿又温热的南方，穷途末路，找不到希望。巷战追逐厮杀。众多混江湖的大汉，竟不如一个陪泳女有勇气。整个电影给人光怪陆离的错觉，真实与虚假，暴力与美感，光影交错，但气质迷人。
浪漫主义狗,40,推荐,2019-12-13 15:34:04,明明很紧张的题材，为什么中国导演就是能拍得这么闷呢！什么时候国内导演能放弃各种炫技的长镜头，也算一大进步了。两位主角的塑料武汉话也听着不太舒服。最后为了过审续的结局，这几年看得我都感觉习惯了。。。。
成知默,40,推荐,2019-12-09 16:25:24,3.5，潮湿阴郁的南方，一场算计，多方博弈，每个人只用行动来表明自己的选择。然而，我们只看见这其中赤裸裸的暴力与欲望，却无法堪破每个人内心的辗转与游移。只有事件，而无人物。
Envy Ryu,50,力荐,2019-11-24 14:26:43,教科书一般的，回归电影艺术本身，用光影和音乐讲故事的佳作。刁导真大师。尤其是利用“影子”拍戏太精彩了。几位演员都贡献了相当优秀的表演。👏👏
林西拿,40,推荐,2019-12-15 10:46:37,開頭相遇一場戲演技就已崩潰，就此明白這個電影並不想邀請我投入情感，所以帶著參觀主題公園的心情往下看，很開心看到了那些惡趣味的東西，特別wacky。他試圖復刻此時此刻中國的「景觀」，卻是以一種浮華的方式——這正是這個國家目前的氣質，相得益彰，所以我喜歡。十年後我們會像翻閱標本一樣審視這些街景和那些人們的面孔，但應該也會被劇情／人物嚇到，因為實在是太做作了。還說什麼「我的人物不需要更多的言語」，黑社會不停問陌生女人「我怎麼信你」難道還不夠娘炮？
КГБ,50,力荐,2019-12-05 17:29:20,桂纶镁算了吧，本质单纯善良，仅沉迷于性爱之欢愉的陪泳女怎么可能在片尾捧着那一袋子质量优的人血馒头，露出诡异的淫邪笑容。草完大吊不忘把最后一滴精血舔光光。鸡才是丛林法则里的优胜者呀。。
昨天晚上我们绿不绿？,50,力荐,2019-05-19 05:36:00,充满了炽烈而狂暴的诗意，刁亦男在电影美学上的大突进，从表现主义承袭而来的视觉系统，去心理化的人物处理，理性至上的结构方式。让这一场冒险更奇观化，更纯电影。
昆汀的影子,40,推荐,2019-12-06 14:47:04,含赣量超标了……
扑兔-,50,力荐,2019-09-11 14:25:26,看完片子就知道刁亦男为什么会继续找廖凡桂纶镁，也知道为什么会启用胡歌了。这次的胡歌跟之前认识的胡歌很不一样，影片中颠覆性的颓废气质让人fall in，向死而生的周泽农真的让人心空。
滕子京,50,力荐,2019-10-09 00:43:40,观于纽约电影节。海报上的雨伞会成为三个最难忘的镜头之一
与影牵手,40,推荐,2019-12-06 13:10:10,★★★☆很风格化很黑色很致敬很值得解读，但是，这个角色选择真的是随心所欲，让满脸伟光正的胡歌去演铁血柔情，让铁血柔情的廖凡去演穷追不舍，让性冷淡风的小美去演铁定会破产的陪泳女，太出戏了。
没想到吧！,40,推荐,2019-07-07 10:45:02,这个片子剧情，演员演技都在线。但是不知道为啥这种类型的片子我看不下去。尤其胡歌饰演的这个角色，我甚至认为胡歌的人设崩塌！我心目中的林殊！李逍遥！这么仙气的人！竟然让他去演流氓！演流氓就算了！但是为啥最后我的歌像一直流浪狗一样惨死的河边！！！！！！编剧我要和你单挑！！！！！！！
kakakarl,40,推荐,2019-12-02 20:28:21,3.5。电影靠着本身的黑色属性很吸引人，但是，算上陈永忠在内，胡歌演的最差，从造型形象开始就不像一个坐过牢还在以偷盗为生的社会底层，都在说方言，也只有他开口觉得口音会违和。
皮卡丘Casper,40,推荐,2019-12-07 00:07:30,应该是金熊奖荣誉扼住了刁亦男的喉咙，导致这一部异常用力。故事还是单薄了一点，胡歌角色没有难度，桂纶镁太努力了，可是实在很不像住城中村的姑娘，她穿的黑裙子像香奈儿，背的绿包包像罗意威。
孤独美食佳,50,力荐,2019-11-22 20:56:49,依然是强烈的生活质感 刁亦男很会造势 大量的情绪氛围 许多超现实镜头 情节比较单薄 但被关系发展和丰富的细节弥补了 音效剪辑打光都很强 好像装置艺术 动作戏比娄烨风雨云漂亮多了 拍出了理想的黑色电影。刁亦男的细节真实在于 主角行动之后总还照顾到群演的行动。大彩蛋是美丽的梭罗河！结尾有点戏剧性 直接打她卡里得了呗 不知道是不是为了过审
Don Corleone,40,推荐,2019-12-07 21:40:09,与《白日焰火》形成对照式黑色书写，刁亦男对黑色地域性的本土性改写十分融洽，美式黑色电影的黑夜都市，到《白日焰火》的东北“黑白”（煤与雪），再到本片的南方雨夜沟壑的城中村。地域性主导的美学，当然不仅仅是乡村霓虹（早在《白日焰火》发廊中就有所呈现），而是一整套的黑色风格在地化嫁接，这一点上奠定了刁亦男对黑色题材的驾轻就熟的叙事、美学风格。PS：毕赣难道要和刁亦男合作了？2020年度期待。
蕉,50,力荐,2019-12-09 09:02:35,当重案警察太难了，又要会蹦野迪，又要会开摩的。倒是想入一双荧光蹦迪鞋
愚人阿痴,50,力荐,2019-12-07 16:26:49,是我写不出来的剧本，是我拍不出来的光影，是我说不清道不明的武汉。是入选金棕榈提名是有道理的。那些叽叽歪歪说片子不好的人，那就不知道你们给国内的其他电影怎么打分了。
Gnostikoi,50,力荐,2019-07-07 02:02:09,在慕尼黑电影节看的，视听上一下子回国了。喜欢它的叙事和光影，充满巧思，无处不在的辛辣讽刺。桂纶镁一个台湾演员，讲武汉方言真是太不容易了…
tintin,40,推荐,2019-07-22 15:19:59,散文诗一样的美感，气质上和沈从文早年的小说的质感非常贴近，但是如今的舆论环境我觉得很可能不能公映。导演的审美能力非常好。但是有点遗憾得是胡歌先生还是没有在气质上做到down to the earth，他还是美的太出众了
CrUsh on him,40,推荐,2019-11-14 07:53:04,刚标记想看，意外发现我LIFF竟然有这部！今天就给我看了！原谅我看之前看了海报以为这片子不会是个黑色电影，结果看了之后才发现这片子黑的很彻底……看这种猫鼠游戏总会让我觉得很紧张，但是我真的觉得好坏我真的看不出来，可能本来就没有绝对的好与坏？在我看来这片子有着跌宕起伏实则平淡的叙事，不过从吃面我就开始感动开始哭了……哎/最喜欢的两个场景，一个是胡歌骑摩托车在一条路追桂纶镁，两人反复的往返，这段太炸了！还有就是本片真的好喜欢用影子！喜欢影子。
豆瓣唯一灵猴,40,推荐,2019-12-01 17:17:20,"人物几乎开场就剖开的命运，亡命之途上仁义道德的考量，强大的视听语言呈现南方的丰富性，实打实还原三不管地带的世界面貌。情欲戏也出乎意料的好。
导演作为西安人，拍了东北拍了南方，求在西北拍一部吧！！！"
布鲁克林大竣,30,还行,2019-05-19 01:01:24,不及白日焰火。由于镜头和叙事都太僵硬，导致优秀的布景和灯光塑造的氛围都让人觉得虚得泄气。表演一般，胡歌的角色可以演得更好，并不是沧桑扮相就能显得有演技，他的情绪传达还是有欠缺，不灵也很难动人。三星给美术，枪战，和个别不错的令人捧腹的台词。
LORENZO 洛伦佐,30,还行,2019-05-19 03:17:52,就说说个人的观感吧，优缺点都很明显：视觉很类型风格化，南方的潮湿和错杂很亮眼，动物园一幕尤其喜欢，动作暴力戏码也很有温丁风格。但成片有些粗糙，段落之间也不太连贯，剧作的细节也需要打磨，人物没有立起来，听完讲创作意图也觉得欠思考，还是有提升空间的。
王大根,30,还行,2019-12-01 17:55:03,不喜欢《白日焰火》的人大概率不会喜欢这部，胡歌付出的所有努力就是把自己给搞成了一个二手张鲁一，桂纶镁的角色更加莫名，而且整个人越来越像小男孩了（要真是小男孩那故事可能还好看点）。当然最好笑的还是黄觉，专门跑来演一场〇〇戏，上一部是廖凡这一部是黄觉，刁亦男下一部准备再找谁来〇〇桂纶镁啊
谢飞导演,30,还行,2019-09-29 04:20:35,土耳其阿达纳电影节展映中，除了我的回顾放映外，就只有这一部参加过戛纳竞赛的中国电影，国内还没放，就去看了。现场对白声音小，又是说的湖北话（开始还以为是四川话），许多地方听不清，还得看英文字幕理解，没怎么看好。外国观众倒是很多，看后说像好莱坞的犯罪片。导演拍黑色犯罪片的技艺是很不错的，只是几个主要人物都单薄、空泛了些，血腥、杀戮、色情虽多，也无法给片子增加分量。
黄青蕉,30,还行,2019-12-07 13:59:42,真是观感特别奇特的电影，一方面光影和镜头登峰造极，氛围奇佳，另一方面又分分钟想问导演：为啥偏偏选了这么两个人来演？大概是史上最不像逃犯的逃犯和最不像鸡的鸡，每五分钟都要分神脑补这要是曾慧美孜和廖凡就好了，一切情节都会合理化一万倍，包括那一坨口型都对不上的塑料武汉话，真的，不是演得不好，就是不合适
steven47,30,还行,2019-05-20 03:43:29,在戛纳看的第一部主竞赛中国影片，但却瞄了全场的英文字幕感觉看了个外语片。故事和人物不知所云。刁导镜头风格强烈，血喷雨伞的一幕印象博得现场观众一阵掌声，但无奈胡歌演技太差，全片整体上提不起来，无高潮无起伏。
unlords,30,还行,2019-05-19 00:56:16,3.5星: 感觉像贾樟柯拍的武汉，廖凡很帅武汉话也正。过于迎合戛纳的taste了，尤其是结尾那个shot…音乐一响起，end。总之，冲着片名来的，没想到名字比电影本身出彩。
FionaCheng,30,还行,2019-05-20 04:20:09,看之前没看过豆瓣评价，看完之后来豆瓣发现共鸣了。真的是拍给欧洲人美国人看的，全片全面掉线连技术完成度都不达标....
Alias,30,还行,2019-05-19 01:30:34,中国当代题材艺术片的表达空间基本仅限于迷迷影、做做纯风格演练。在这个范畴里刁亦男做得还不错
基本一视同仁,30,还行,2019-05-19 00:40:35,与白日焰火相似的同款，影片完成度不错，我觉得电影枪战尺度可以放的更大一点的，或许对某些评审口味，可以奶一下，看运气了大不大了，表演上有瑕疵，略失真，但导演对于电影剧情很好的规避了，是一部好作品，作为类型片，节奏感把握我觉得不是很好，祝好运吧！
shininglove,30,还行,2019-12-08 20:37:33,枪击报纸，血溅雨伞，鹅塘泛舟，虎象快闪，天井逃亡，至少有五场戏的视听语言眼前一亮，尤其是声音转场和空间设计，值得学电影的拉片学门道，可惜的是有佳句无佳章，人物彻底工具化，难以连贯统一，对标行为装置艺术更妥当，对大多数爆米花观众不甚友好。
Ou,30,还行,2019-12-07 02:36:18,思路与《天注定》如出一辙，以匪侠切开社会凝滞态。多次给出身体局部镜头，以万花筒的散射目光描绘怠惰的扭结的肢体（甚至有潮汕新浪潮滑稽剧感），意图以暴力正骨。与《白日焰火》类黑色电影对静止姿态的审美不同，此片更渴求运动。但泽农与爱爱的行动是完全脱轨的，他们以命定的台步在舞台上扮演蛇蝎美人和罪犯，相比“做爱”，更像“做爱爱”。观众被权力赛博格渗透，直到围观变成围猎。但三向的目光交流，警察-罪犯-群众，完全没有建立起来。导致全片原地踏步。或许需要《坏血》或《天注定》里一个致命的动作来盘活全片。
法法,30,还行,2019-05-19 20:56:23,如果主要演員的母語不是本地方言，那麼就不要還沒練好台詞就開機，以前都是要在當地有很長一段時間的體驗生活才可以融入角色，雖然導演在結束後和中國觀眾道歉了，但不張牙的混沌台詞依然很影響觀影體驗，所有核心角色都給人一種換別人也可以演好的感覺。但因為昆汀的到場，我給與最大的包容性，至於影片……怎麼說呢？喜歡的人喜歡就好。
花猜,30,还行,2019-12-03 09:11:44,我就一点不解：为啥拥有胡歌那样的颜值要去偷电动车，做鸭不好么？
白月,30,还行,2019-05-20 01:17:40,高饱和度的用光已经被用得泛滥了，成为一种味同嚼蜡的华丽。有些镜头很有幽默感，甚至闪耀天才的灵光，但其用意没有得到确认和呼应，不知道是有意为之还是瞎撞上的。感觉导演想拍一部形式化的电影，最后的结果却有点幼稚可笑，倒不如把幽默感延续下去，变成自嘲？整部电影有种东拼西凑的感觉，却没有太多独特的东西，过犹不及了。
LOOK,30,还行,2019-12-16 10:17:51,黑色电影的内核是以高反差的色彩来展现善与恶的斗争，灵魂的沉沦与重生，也就是说得有一个基本的对立原则，如果没有这些，就变成了空泛的视觉景观游戏，停留于自我赏玩的层次 2.5
2miao,30,还行,2019-05-19 01:58:47,野鹅塘湖区本该是一个灰色地带，被现代城区隔离在外的鱼龙混杂之所。大量的夜戏和雨水没有足够好地帮助建立悬疑感，警匪相争互斗也不突出，胡歌演的亡命之徒并不特别，他孤独而单调。善恶的界限还是太分明了，没有弧光的人物给演员们的发挥空间也不大。少台词多动作，牵引观众把关注点放在视听上，但问题是节奏感只存在于片段，整体则为一场大型拼贴。
恶鸟,30,还行,2019-12-06 23:16:54,刚开始那车站雨声，桂纶镁一出现，以为新版「牯岭街少年杀人事件」的境味出来了，不想，后面的故事却滑入了一个三四线城市中年流氓的罪与罚，镜头光影都有美，但里面没有美。
Vincent Lan,30,还行,2019-11-01 09:29:40,3.5 不如《白日焰火》完成度高，胡歌桂纶镁的表演被群演完虐。视觉上有很多牛逼的想法，但如果拍的更野更风格化一点，这些点子的潜力能发挥得更充分。摄影师太笨。
康报虹,30,还行,2019-12-06 20:23:32,"胡歌饰演的周泽农性格内向、不善言谈，有着梅尔维尔式的冷峻和坚毅，是武侠电影和冷硬派小说（尤其是钱德勒所写）中角色的复合体——是浪漫诗情的末路侠客，也是努力挣脱宿命束缚的悲情英雄。
值得注意的是，他在逃亡过程中始终穿着一件蓝灰色夹克，如《卡里加里博士的小屋》中康拉德·韦特那样，胡歌努力让自己融入周遭的环境，利用服饰的颜色和质地隐匿于谜一般的、超现实主义的夜色和阴影中。我们往往能够一眼注意到镜头中穿着红衣的陪游女，事件中心人物（周泽农）的轮廓却越来越模糊，逐渐被阴暗、潮湿、抽象化的南方城市包裹，成为夜、建筑、野鹅塘的一部分。
当他换上鲜亮的蓝白球服，也预示着他已然走到了“穷途末路”之时。此时，斑驳的灯光正一点点灼烧他的影子，稠密的色彩已将他最后的时间蚕食。"
萧湘,30,还行,2019-12-07 23:01:33,小镁怎么看都不像风尘女，胡歌怎么演都不像是悍匪，这两人怎么讲都不像是说正宗方言
荔枝超人,30,还行,2019-12-11 19:33:51,吊着一口气演了大半，直到出现一群人穿发光球鞋跳广场舞，终于叹了出来。
Ada的B计划,30,还行,2019-12-06 13:42:00,3.5，缺少节律的类型电影，缺少语气的艺术电影。
奇奇,30,还行,2019-12-01 18:14:53,那些5星好评你们真的为观众负责了么？这部电影从节奏感来说，就不符合当今的审美。同时它也并没有很好的讲好一个故事
Hsu,30,还行,2019-05-19 02:00:29,可以为了黄觉多给半星、三星半
深邃,30,还行,2019-12-06 16:45:59,献给野鹅湖边的巴蒂斯图塔。
绿衣去2010,30,还行,2019-05-23 22:29:22,暴力风格的进一步升级，可惜情感过分割裂，只能是中规中矩。#cannes2019
Valverde,30,还行,2019-08-08 17:03:17,入围欧洲电影节三定律：中国破败的街景、边缘人群、负面的jingcha形象。
不良生,30,还行,2019-12-07 18:02:36,男人们都是雨夜里血浆相刃的野兽之瞳，暴烈猩红又燥热腥重；只有女人们才是河流上冷冽迟缓升腾起的惨白烟雾，暗涌且不动声色。
大奇特(Grinch),30,还行,2019-11-23 15:19:57,这片是尼古拉斯·温丁·雷弗恩式霓虹灯人造光+表现主义影子戏码的展示。人物塑造相对工具化，台词和表情都很吝啬，过于注重美术上的形式感，但还是折服于厉害的运镜。城市空间成为主角，演员走位与空间相结合，简直是在欣赏一场名为“虚无”的大型装置艺术，也呈现出极具爆发力的暴力场面，自始至终散发着风格极致化的黑色电影的气息。
阿茶,30,还行,2019-05-26 07:09:20,黑色电影学徒刁亦男，光影用得真漂亮。华彩段不少，生猛的镜头和蒙太奇，旧报纸那场感觉同时看到了斯科塞斯和安东尼奥尼，还有各种小心思。视听享受但整体叙事实在弱，感觉导演很想玩点结构，但最终又完成不太好，七零八落剧本，几次都是“我给你讲个故事……”式切闪回感觉好偷懒。也有些段落用力过猛大银幕暴露了堆砌感和模仿感。各种偷师而来的精彩段落加一个新鲜的切入点（边缘犯罪者，偷电瓶车贼窝、陪泳女）拼接起来没有集大成感，反而略平庸，有点遗憾。@Cannes2019 Salle Debussy
瓶装火星,30,还行,2019-11-23 15:28:38,胡歌想转型，刁亦男想拿奖/想打造自己的风格，廖凡和桂纶镁想感谢导演之前的合作也可能是躺在之前的光环之下毫不费力地收获观众，黄觉还是那样，他一出来我都不知道我在看《地球最后的夜晚》还是《少年的你》，只有万茜想好好演绎男主的妻子，但被剧情不屑一顾地晾到一边。
女神的秋裤,30,还行,2019-12-06 17:26:01,淋漓的小雨，迷幻的霓虹灯，潮湿嘈杂的城镇都让片子有种浓浓的忧郁的乡村犯罪风。故事很接地气，但演员一个个都文艺深沉得不食人间烟火，有点尬也有点假。个别叙事剪辑割裂，镜头和节奏文艺到做作。为了艺术感，太用力了。
文白,30,还行,2019-12-06 12:09:21,四大主演换掉三个可能会好一些……有些镜头确实很喜欢，剪辑方式啊配乐啊看出来有些复古的意思，只是，我不能因为它是部华语片就吹上天啊……
萨罗迈拉,30,还行,2019-12-10 00:42:17,怎么说呢，文学剧本是真的好真的好，比电影本身好太多了。刁亦男的控制欲强到，会描写“拉链上的金属商标是一只肚子几乎舔到蓝色波浪的海鸥”，到电影一看，果然有个两秒的特写。导演拍自己写的剧本好处在于不浪费剧本的每一处设计，坏处在于太沉浸于语言营造出的叙事语境而忽视了影像呈现的现实连接，因此观影过程时刻脱线，分分钟想掏出笔来写影评分析光线构图画外音。每场戏单拎出来都是值得分析的好戏，可连起来总觉得少了些人性和人情味，这种东西是需要创作者发自内心的悲悯，而不是似是而非的共情。可以更好。
viennavirus,30,还行,2019-12-07 23:13:38,刁亦男对影像的过度迷恋让电影像个摄影集。廖凡的武汉话虽然一样蹩脚，但连贯性和语气明显甩胡歌和桂纶镁九条街。而这个所谓的南方，与《白日焰火》的东北比起来，虚无得很。
玉娇龙,30,还行,2020-02-10 22:25:58,原始凶猛以鲜血的姿态在都市穿梭 ，本能欲望用交换的形式向人群投射。慌乱不堪的霓虹模糊所有时空的痕迹，纠结摇摆的情欲淹没一切吻合的线索。漂流的影子，经历回光返照般的燃烧，弥散在野鹅湖畔。疑惑的情感，体会欲盖弥彰式的虚无，凝固在梭罗河岸。刘爱爱依旧抽烟，只是带上面具，丢了雨伞。预告片里神乎其神的霓虹美学并未深刻的镶嵌在文本中，而是以一种悬浮的姿态穿插在各个角落作为场景的一种花哨点缀，空有视觉效果，不具备情绪引导。而且最主要的是，各个人物之间的情绪链接完全是断开的，周泽农，刘爱爱，刑警队长，都在各自演各自的，每个人面前都有一堵无形的墙，格格不入。严重怀疑刁亦男对演员的调教能力，缔造无数经典角色，话剧舞台剧手拿把掐的胡歌在本片里上气不接下气，灵气尽失，甚至连桂纶镁和廖凡的发挥都显得掉价，这太尴尬了。
鸡头井。,30,还行,2019-05-19 03:33:28,从野鹅湖到南方车站，一自然，一人工，两片天地，一条亡命路，眼见影影绰绰的城市风光，闻到暴雨洗刷不去的鲜血味。影像上继续着风格化的尝试，虽然纵观近来华语创作脉络，有似曾相识之感，但作者性的点缀，依然带来惊喜的火花。追逐动作戏上，看得出导演的想法，但本可以做得更精彩。
深水怪,30,还行,2019-12-08 09:04:00,'到底是想拍犯罪片还是文艺片呢
荒也,30,还行,2019-12-16 22:24:00,不差，但也说不上好看。总感觉太过匠气和刻意，玩转电影类型和各导演风格，摄影剪辑表演也许都恰到好处，但少了些直接打动人的原始电影生命力，或者说打动我的电影需要些不完美、不合理。对比以下，使用类似题材的贾樟柯《江湖儿女》，至少前半值得击掌。另外，桂纶镁这么独特（中性）气质的女演员，实在无法和小城镇的陪泳女相联系起来。《白日焰火》尚且可理解，本片则总是让人出戏。
欢喜陀,30,还行,2019-12-06 19:18:41,群众演员不错，很轻松的就演出了武汉街头的墨西哥风味。但是两个主角确实太出戏了，尤其是桂纶镁简直是在梦游。胡歌的角色应该让廖凡来演的，廖凡不见得读过很多书，但是他很生活。教堂老鼠在西方有教堂，在中国是心性。我觉得中国导演应该把孟子多读几遍，当然不是按照中国学院教的感官思维去读，而是去体会孟子所说的发自几微应该从哪里找，从哪里拍。
Mona Lishark,30,还行,2019-12-10 21:42:00,作为造梦者因为炫技而使做梦人频频出戏，就很难算是成功。
魔力水族,30,还行,2019-12-08 08:59:40,节奏好闷
喂饭,30,还行,2019-12-07 21:29:19,警察、逃犯和女人极少有实质上的互动，他们几乎是活在三块不同幕布中（重复的隐喻：逃犯的影子做女人身后的幕布，跳广场舞的警察做女人的幕布…）。他们的眼神似乎不可能在同一个空间中同时地、真正地交汇（注意到末尾吃面的脸对脸镜头，带来的却是距离感。逃犯把女人的面也吃完，突然地，女人消失警察登场）。就像动物园里关在不同笼子里的动物，他们聚在一起，被挨个展示，但没有真正的相互搏斗、捕食。主题谓之“聚会”，不是他们的聚会，而是动物园游客们的聚会
過期罐頭,30,还行,2019-12-06 15:47:10,断头那场戏把老子黑苕了。取消了故事（当然故事有各种bug)，取消了表演（当然几个主角的表演毫无华彩），剩下姿势、动作、造型、光线、线条，除了口音让我出戏和真的也太土味了之外，它的内核情感是非常当代的。有点《第三人》，有点杜琪峰，甚至有点胡金铨，但是本质是刁亦男发掘了现代情感中的漂浮、游移和一切信仰的坍塌。我喜欢两场戏：桂纶镁和胡歌在船上，很难知道这个女人在想什么，可能她自己也不知道，口不由心。一场是筒子楼里的枪战戏，那些居民的脸冷漠是多于害怕的。
Sheeta lala,30,还行,2019-11-05 15:56:29,实在不及廖凡，角色单薄，演员带给电影的东西实在是太少了。形式大过内容，该有的也不能说没有，就是凑不齐一部好电影，外在风格突出得过分了，反而丢失了《白日焰火》最吸引我的那种又沉又稳的气息。如果说白日焰火是站在人心最荒芜的部分，最熟悉的冬风呼啸而来吹得脸颊生疼。南方就是一个北方人离开了家乡，像浮萍一样格格不入，在拼命装点中暴露出实则荒芜，实在可惜，我真的想念《白日焰火》。
曼仔,30,还行,2019-12-01 19:42:43,整体观感和白日焰火很类似，有亮点，但整体上还是有硬伤。先说好的，一是氛围，二是摄影。氛围指的是刁亦男还是很重视环境与故事之间的关系的创作者，发生在东北和发生在武汉的故事就是有很当地的特色，这个故事不能移植到其他城市。摄影则是里面有几场胡歌和桂纶镁的对手戏，情欲的张力被表现的恰到好处，传递了很复杂的讯息，而且和表演关系不大，主要是摄影很好。再说不足，表演真的不行，俩主演的演技在明星里不算差，但是离好演员还有距离，各自也尽力了只能说，但是非常出戏，相比较而言廖凡看着顺眼多了。剧情上也有bug，刁亦男和娄烨真的还是文艺片导演，拍类型片还不如曹保平。
易老邪,30,还行,2019-12-17 20:32:59,故事和人物都太过单薄空洞，镜头、细节也因此凸显矫揉造作。
进击的法科生,30,还行,2019-12-06 12:13:45,胡歌演技过誉了，影片质量也被过誉了。这种题材，中心思想很简单，没必要拍这么矫情
缺德梅,30,还行,2019-12-06 20:29:45,7.7 1.文本似乎很丰富，但没啥想说的，视听似乎很精彩，但没啥想说的。2.血伞张开时，背后的女孩子说了一句“浪漫”，一度怀疑我听错了，世界上有这么多语言，每个语言有这么多词，你偏偏说了这两个字。3.还是《白日烟火》更好看。
听，镜子在低语,30,还行,2019-12-06 18:42:52,7.5+
庄草草,30,还行,2019-12-06 19:29:17,看完去吃牛肉面了.........
迷特波鲁,30,还行,2019-12-06 16:12:34,抱歉，剧情和演技我都没看懂...蹲个影评！
电个爆炸头,30,还行,2019-12-07 21:15:01,有处境，无感情。
散井,30,还行,2019-12-06 00:02:15,"继《白日焰火》中令人印象深刻的冰渣子之后，这次塑造的是潮湿阴暗、甚至于有些猎奇的南方小镇，动物园的场景更是几乎将角色置于了丛林之中。
但与前作不同的是，这次导演的视野美学成了唯一的重点，而角色和剧情都被迫退到了舞台边缘，看完之后想起了雷弗恩的《唯神能恕》。"
小伙队,30,还行,2019-12-10 20:54:34,最野的是那些泼水倒垃圾的民众 看完想去野鹅湖耍一下
河狸,30,还行,2019-12-06 17:10:55,所谓的犯罪文艺片，剧情沉闷，逻辑不通，唯一的看点就是几个演员。
十老不二阿,30,还行,2019-10-28 09:38:30,本武汉人还是很宽慰的，虽说也不是什么很标准的武汉话，但天然的语音亲近感在某种意义上是进入影像的助力。至于电影，我只能说是既惋惜但不失望。惋惜是因为比白日焰火差多了，南方车站里的每个人物都进入了一种情感的真空，一种自我捏造的虚假的道德错乱感，这对电影其实是致命的，风格化的追求没有错，但风格本身是在嘈杂和喧嚣中寻求一种高度统一的方式，所以聪明的人反而需要学会用降级来达成它，刁亦男当然聪明，野心勃勃，对视觉和风格把持相当有追求，也贡献了好几场令人印象深刻的戏，脑海中的子弹上色，本土化非常成功的黑色电影里常用的影子技法嫁接过来的追逐戏，氤氲中在船上做爱的桂纶镁戏水的一前一后，杀人戏和摩托车追逐戏也相当漂亮利落。可惜电影本身在不断的追逐中也迷失了自己，使得结尾手挽手的sisterhood显得空洞无比。
小溪笑嘻嘻,30,还行,2019-12-02 22:54:31,其实拍得挺好的，运镜、氛围、声音和奇景打斗都很突出。但总让我难受的是演员实在太漂亮了，小湖边也拍出了戛纳的清新，却不再让我信服。导演愈发要求他们做作的模仿就愈破坏了故事生猛的质感（配角们还是很好的）。最后1/3的时候我终于入戏了，并为廖凡的转身感动。
弗琳,30,还行,2019-12-06 01:34:36,NYFF看的，终于等到上映可以说一下感受。节奏散乱，人物单薄。很多地方都像是导演想一手控制，一厢情愿地塞给观众情感，可是没有立足点。导致看到强j、口j等很有冲击的画面因为完全没法进入角色，有些不适。胡歌在大银幕上还是有欠缺，表演很平；桂纶镁从头到尾知道自己演了什么吗？这样全程像慢动作一样的表演需要很多nuance把它撑起来，不然就像看了部木偶戏。氛围、选景和群戏调度还是不错的。但看完觉得总体很空，炫技大于真诚讲故事。
路西法尔,30,还行,2019-12-06 21:46:52,从北国到南城，刁亦男对灯光和调度的驾驭越发成熟，动物园围捕那段莫名想起阿彼查邦。（有点怀旧色彩的）以人为兽的草莽世界里，猎人和猎物只隔一层衣服，反倒是女性离真相更近，难道是因为她用手指触摸而不是用眼来看？
山鬼,30,还行,2019-12-06 12:20:17,风格赢了叙事，叙事又赢了节奏，有佳句无佳章，两个主演都差了一口气。
琮,30,还行,2019-11-30 22:00:03,没有想象的那么好 不如白日焰火，视听风格非常好非常好值得大银幕观赏 但这个故事本身实在没什么内容啊。看完想：他为什么要拍？？
slim,30,还行,2019-12-10 13:44:03,"一个摩托车盗窃团伙，怎么转眼就变成人人持枪，杀人不眨眼的冷血黑帮了？一个陪泳女，为什么要心甘情愿冒这么大风险去帮一个素未谋面的杀人犯？一个五年不见老婆孩子的社会混混，怎么一被追捕通缉就突然全心为家？
那些所谓黑色电影美学的光影、特写、太过卖弄手法，玩得太脱线了"
思郁,30,还行,2019-12-06 18:27:07,对桂纶镁真是无感，个人觉得《白日焰火》中她饰演一个东北女性是最大败笔，这次依然觉得这个角色与影片格格不入。当然，影片也没觉得多好，及格分够了，开始胡歌有场动作戏倒是让人眼前一亮。
泉尘,30,还行,2019-12-06 21:29:02,和朋友看完后最大的感受是：桂纶镁和万茜好配......
达米并斯索老虎,30,还行,2019-12-12 11:11:55,无法多打一星了……通篇不知道两个主演在干什么，胡歌如梦游桂纶镁如走错片场，刁亦男不知道吃错了什么药会在演员选择上犯如此大的倒错错误，让万茜或小美与桂纶镁调换一下都好。廖凡很可能边演边内心吐槽，以至于他的戏总有一种“呵呵/我在哪里”的吐槽感。刁亦男是在整合一个“桂纶镁宇宙”吗？所有优美的灯光构图，最终都像是献祭给“女神”桂纶镁的祭品。
蒜 | BOY A✎,30,还行,2019-12-12 09:00:39,如果说《罗马》是刻意的精致，那这就是刻意的粗糙。观影过程极度引起生理不适，那些紧张兮兮的，生猛粗旷的，城乡结合部的情绪来不及思考一个为什么，只有回到五线小镇住上一年才能感同身受
咸菜帮老大,30,还行,2019-09-30 11:21:15,地球最后的夜晚粉丝自制外传，连题目都对仗。
野蒜,30,还行,2019-12-06 16:18:14,"卧槽…看得我眼睛快瞎掉了胆子快吓破了，感觉在看风雨云姐妹篇。一定会入围国际电影节一定拿不到金奖的那种片子，刁亦男确实有他一套暴力美学，在我看来还是偏自我表达和炫技了，在采景和光影上下了苦功，叙事方面就好像毕赣附体我们来念首诗吧。

快速塑造氛围三宝：方言，潮湿天气，城中村。最喜欢的三场戏：广场舞，动物园，花瓶姑娘。桂纶镁拿湖水漱口我会心一笑，多此一举的结局才是真的“黑”。

（从没见过这么糟糕的片头片尾字幕，仿佛就是不想让观众看清主创人员。"
夜神月的猫,30,还行,2019-12-07 18:14:30,导演的光影技术太牛逼不多说，但两位大明星总让人感觉出戏。充满市井气息的故事背景，却找了两位颜值极高的大明星，实在有些败笔。桂纶镁大大的眼睛，高挺的鼻梁，精致的棱角，哪里看像陪泳女了，360无死角的颜值，估计你看着都会羡慕每一个和她对手戏的群演了，再说胡歌，说是持枪歹徒，瞧人的眼神却温柔极了。导演是厉害，我看出来了，但你不能回回都找桂纶镁撒~（三星半7.2分）
12,30,还行,2019-12-06 23:43:18,南方超现实主义气氛流啥时候过时？
godard,30,还行,2019-12-12 04:09:35,冒拍好啊，一干武汉本地群演很厉害，但是主角不行啊，桂纶镁还凑合，武汉话有时还蛮像，胡歌太差了啊，从头到尾梦游一般，走路动作都完全不行。。。另外故事还是太弱了，虽然全是今天中国社会有的事，但人物动机故事发展却与这社会情境没什么关系，成了一种抽象的”人性恶“，所以视觉上的黑色电影风格也只是视觉上的了，并没有创造出《白日焰火》中那样的经典场景。
Lightyears,30,还行,2019-10-02 14:34:38,1）这个故事的好与不好，都在于刁亦男是相信“人性本善”的。我认为这个盖棺定论的结局显得不够真实（太过于明亮和善良）。2）他认为人是通过行动，而非思想和言语来完成自己的，所以观众离人物始终有距离，却又能够从他们的行动中捕捉和理解他们的心理。划船和吃面两场戏，同情和理解，谁说那不是爱情呢。但这种“观看而非参与”的塑造人物的方法，牺牲了一定的情感力度。/ / 其他想说的：让两个大明星说方言真的很跳戏。声音设计有特点，墙上影子和雨伞的意象很有意思。从人设到故事到场景和色板，整个电影都有《艋舺》的影子。
身在雨中不知雨,30,还行,2019-12-06 12:38:03,每个混混都好忧郁，仿佛所有角色都是一个性格，也就是导演的个人风格。这部电影从观感比较跟白日焰火不相上下，甚至略逊一筹。
行の舟,30,还行,2019-11-23 00:15:48,堆积的符号，空洞的故事。在成功的设计里无处依靠。
杨三疯,30,还行,2019-12-07 08:59:05,至今为止国产最凶残的风格化院线片，城乡结合部灰色秩序下的大乱斗。这场聚会结合帮派、犯罪、凶杀、卖淫、强暴、警匪、背叛、义气……三天两夜，开了数枪死了数人人头落地，都是为一场无言告别和情感释怀喝彩填色。
寡头easycure,30,还行,2019-07-31 16:11:32,地球最后的夜晚剧组友情客串，小姑爹交了钱然后被放鸽子。。。
饱肚师叔,30,还行,2019-11-01 09:53:12,武汉话讲得让人想倒扣分
哥谭花匠safina,30,还行,2019-12-11 23:51:51,形式化是导演的朋友也是最大的敌人，在故事和角色不是很撑得起来，依靠奇情化的情节和奇观化的视觉成就的一部电影，其实和漫改影片不过是另一个极端的殊途同归。另一方面，能看到片中某些演员的进取心，但是表演却在角色之外，国产艺术影片的常客们其实正在形成一套固有的表演方式，而电影本身也总是在一个模式内让人看着眼熟（不过我还真的不讨厌这部片子
451½°F™,30,还行,2019-12-12 22:35:20,刁亦男的「土味案件聚焦」依旧在故事性上显得突兀生硬，如果聚焦于「聚会」中「聚/散」的意义，电影中警察/逃犯、逃犯/陪泳女、丈夫/妻子的一场场寻找、逃避、邂逅与追杀，放置在一个破落、「三不管」的天朝环境下，却也有「摧毁式的美感」，能够在临死前吃饱也是一种幸运。
what'swilliam,30,还行,2019-12-06 21:09:36,3.4星。胡歌用心的野心之作。1.镜头颇有力道与视觉冲击力，部分镜头血腥程度让人咋舌，很“jump scare”，雨伞杀人一段堪称艺术。2.胡歌打戏够凌厉，演技虽称不上影帝水平但也是水准之上，最后吃牛肉面那段最好。3.桂纶镁还是太清新不够风尘。4.写意镜头略多，导演好像很喜欢意象的东西，会拖节奏。5.剧本有问题，又想表达男主的凄惨疼妻人生，又想关注杀人奇案，又要描写他和桂纶镁的纠葛，会失焦。6.萍水相逢骗局多，终究还有一丝善。7.那碗馄饨看起来很好吃&我看到了梅艳芳。
介意,30,还行,2019-09-30 14:04:19,@FLC. 比想像中好看很多，但胡歌真的太不對了，刁亦男的映後談也是乾癟得很。
woodhead,30,还行,2019-05-19 00:58:35,#Cannes2019·13th film# 看之前有多期待，看之后就有多失望。刁亦男以风格化的影像，创造了一个潮湿、暧昧而色彩迷离的南方异域。摄影、打光和场景设计都可圈可点，可以说创造了近年来华语电影中最迷人的影像之一。但除此之外，从剧本到人物塑造，从剪辑到氛围营造，都乏善可陈。尤其动作戏更是灾难级别的，粗糙到让人发笑的地步。刁亦男似乎想拍出一部带着某种忧郁气质的黑色电影，但最后呈现的结果却是生硬的做作。元素堆砌的背后，只有空洞而苍白的情绪。
迦南Canaan,30,还行,2019-12-06 23:55:34,廖凡再一次卖了桂纶镁，刁亦男怎么回事？
nadja,30,还行,2019-12-06 17:19:54,南方小城拼接画，爱欲迷乱情漩涡。男女主应该换人来演。
Madam Veronica,30,还行,2019-05-28 06:20:57,误打误撞进来看的 真的很忍不了导演满满的做作文艺腔 光影的设计很惊喜 男女主一个罪犯一个妓女也很合我的口味 放到别的genre里会很出彩 可是这是犯罪片啊 小县城里杀了人和一个妓女慢慢悠悠地踱步慢慢悠悠地思考人生逗闷子真的太出戏 结尾廖凡的车就停在原处桂纶镁视而不见的走过去也是挺震惊 如果把警察那条线去了让这俩人好好正常说话应该还不错 结果犯罪拍的莫名其妙 文艺也拍失败了 只能说火候还没到
小天猴大眼萌,30,还行,2019-12-06 14:13:46,视听语言是极其出色的，可以看出导演是个学院派，充斥着对德国30年代的犯罪电影、好莱坞50年代黑色电影、台湾80年代的新武侠电影、日本新浪潮甚至舞台剧、CULT片等类型风格的依样画葫芦，但是电影不仅仅是视听语言，胡歌和桂纶镁的表现很木，还不如客串的万茜灵动，桂纶镁总是半张着嘴垂着眼睛安无目的地走，浑似copy安东尼奥尼镜头下的女人，胡歌你演的可是个杀人狂魔啊，即使性格内向也不意味着一点戾气都没有啊，剧本明明可以处理地更有意思点，却不得不为形式让步，滑向了味同嚼蜡的平淡。
苏晨,30,还行,2019-12-06 21:10:47,甚至看不懂 很多人物情绪都很奇怪 胡歌运气就这么好吗？我真的无语了
mecca,30,还行,2019-12-08 09:04:41,12/7@南京中影GY 大雪夜，上车前，午夜场。一个跟风南下晕了车的北方刁亦男。三会求三公，江湖万民同。D6配乐亮，黑色方出众。布景超一流，选角难苟同。剪辑硬伤显...... 金陵第13家影院- - 《夜车》也是在由宁返沪夜车上看的...  这部也太匠气观感反不如前，ballball导演不要滥用明星脸了... 桂很好但真的... 焰火扑克脸还能和南方外来人设勉强对上... 这部被曾美慧孜和万茜夹击也太惨... 胡很努力了也还是没存在感... 戏路是学仲代失败变成宽叔了吗... - - 总之人物太毁所有，连带着野生武汉城乡结合部也假。 /// 梭罗河明明是反讽谢谢... 宁可听他们说普通话= =
doudoulin,30,还行,2019-10-21 12:07:53,完全不够彻底的风格化，刁亦男似乎并不太知道自己想从武汉的街头巷尾中拍出什么东西。镜头所到之处既有毫无修饰的实景，也有调度复杂的楼群，同时大量的群众演员以一种僵硬的姿态填充前后景，他们唯一的作用就是昭示这些看似实景拍摄的影像的虚假性。一种令人无所适从的风格化，唯一的可取之处，大概是他似乎真的跟好莱坞不太一样。
阿瑕,30,还行,2019-12-06 21:09:59,出来满脸四个字：莫名其妙
tata,30,还行,2019-12-06 14:10:40,哈哈哈 影迷型导演，影迷型电影。昨晚二刷老马刚好想过影迷型导演的问题。怎么说呢，这类片子以前看的话，还会很喜欢，津津乐道导演借鉴了哪些黑色电影和欧洲导演的风格，现在年纪大了反而不会沉溺其中。三星半吧
君宁,30,还行,2019-12-10 13:23:16,视听语言非常棒。开头那场小偷开会，非常有艺术感。但人物真是败笔。胡歌的公子气和桂纶镁的城市文青感藏不住，他俩是这个泥泞混乱的城市中的异类。黄觉也太有意思了……电影里客串一场就是来欺负桂纶镁的吗？
Mumu,30,还行,2019-12-09 13:29:36,俩主演真的不太行……
暖小喵,30,还行,2019-11-29 05:46:53,导演很有个人魅力，会微微弯着腰和翻译对话。电影我不怎么喜欢，人物像一个个没有感情的躯壳。多出来的一星给大雨倾盆的武汉和夜晚的东湖。当导演说在武汉取景时想到了达达乐队的《南方》。
面包面条面饼,30,还行,2019-09-18 21:26:59,"NYFF, 3.2/5"
傻乐的猫,30,还行,2019-12-07 10:36:34,西方艺术电影滋养的学院派导演构建的Chinese Noir里，一切都是道具：动物、方言、人物甚至故事。但廖凡这样的戏骨就是能自己给角色生命。
咯咯精,30,还行,2019-05-19 03:02:56,杀就杀了 杀得顺手 真真切切
Olin,30,还行,2019-12-07 15:41:16,配角存在感不强，中间差点睡着了
陈永仁,30,还行,2019-12-10 18:56:18,"片尾“三天后”那个字幕结局有点突兀，字体也很奇怪，像是华康少女体一卦的，和片子不太搭。
主角饰演的底层也有点让人出戏，说话对白有点刻意神神秘秘的，虽然片子里充满了各种极尽真实的城乡结合部图景，但角色特别不真实，导致的结果有点像郭敬明臆想上流社会只能用各种物体符号来堆砌，略微有点尴尬。"
GA,30,还行,2019-12-06 13:23:05,could be better.
橘里橘气库洛酱,30,还行,2019-12-07 00:40:01,精致空洞的碎片之作。比起前作，本片的运镜和用光明显打磨细致了许多，挺多片段都可圈可点，印象很深的包括馄饨摊追逐、类九龙城寨的城中村设定，还有动物园和马戏团的超现实也很有趣，血浆用得可能是近五年大陆电影里最多的。但作为一部长片整体性太弱了，有点可惜。另外，如果电影用的是自己熟悉的方言却讲得不正宗，真的很影响观感（
第五季,30,还行,2019-12-08 21:59:26,2019.12.8有些地方好像被剪了。全片很压抑，反映出底层人民的生活，好庆幸自己活在治安比较好的城市。胡歌本来安安分分偷摩托车的却被人陷害成了亡命徒。黄毛死了警察不抓凶手，警察一死就满世界通缉凶手，多么讽刺。胡歌，桂纶镁，万茜就算扮相再丑都还是辣么好看！
人x太多,30,还行,2020-05-13 23:05:30,视听上依然很有风格，但一开始就已经把剧情写死，后续发展没什么悬念，整个观感就变得很慢很慢。胡歌还是那个偶像，只是妆化得好融进去了，桂纶镁的角色发挥空间太小，造型又不得白日焰火那么惊艳，怎么看都很扁平，万茜中规中矩也演不出个所以然，表演方面没戏。单论画面镜头，小胜白日一筹，若谈故事角色，实属零分，还不如回头看看焰火。
梦魇马戏团,30,还行,2019-12-09 21:41:40,"胡歌最后逃跑时套上一件阿根廷9号，我还以为是隐喻伊瓜因背锅。
然后我就一直想看背面镜头看到底是不是，直到最后才发现是巴蒂斯图塔，这堪称全片最希区柯克式的悬念。"
zykmilan,30,还行,2019-11-24 00:57:07,#SGIFF2019#比较失望，不太喜欢这种故弄玄虚的炫技，三颗星全给几场追逐戏里黑白电影般的光影运用——看短评都在提《M就是凶手》，没看过不敢置评，我看得时候倒是想起《第三人》。一“正”一“邪”两次分配任务时的互文倒是也处理得蛮精巧，但是彷佛也仅此而已了，聊胜于无的结构设计，故事也太直白了没看出玩儿结构的必要来。所有人物都端着，浮在表面，演员表演也都并没有加分。演员讲台词都是呜咽着，再加上方言，只能靠着英文字幕理解。
JoeyLu陆柏宇,30,还行,2019-12-06 23:29:53,实在欣赏不来这类型
張小溪,30,还行,2019-12-06 22:30:36,？？想说啥？抄袭柯南？
小明明,30,还行,2019-12-07 00:44:26,我更喜欢白日焰火的压抑感
小林修车,30,还行,2019-12-07 06:02:21,电影命名是学问，比起糟糕的中文名（片方或许参考了某片的市场效应），海外媒体则更能get到剧情与片名（The Wild Goose Lake）间相互作用时的乐趣，我更愿意它是《野鹅塘畔的聚会》。电影在“南方车站”拉开序幕，这里是男女主初次碰头的地方，也是交代闪回部分的场所，但在事件时间轴上仅是个“承上启下”的坐标，故事不因其而起，更不因其而终，如此车站的重要性便远不及不远处的野鹅塘。“野鹅塘畔的聚会”在保有悬疑感的同时还多了些野味与恶趣味，这里是多股地下势力矛盾碰撞的场所，是“聚会”的主舞台，是真正的法外之地，阴暗潮湿的城中村霓虹灯永不间断，点点温度也是欲望与野性滋养的温床，“野鹅”的聚会在这里开始也在这里散场，血光、背叛、情谊的背后，荒诞与讽刺才有了新的价值，塘畔暗涌着的也才叫最原始的生命力
qw0aszx,30,还行,2019-12-11 23:50:14,这种类型的故事还把所有角色写的让观众无法产生任何情感倾向，视听上就算现在这样想尽办法撑也撑不起来啊
whis,30,还行,2019-06-06 21:30:32,又是一部潮湿黑暗的国产文艺片。摄影特别美，有好多魔幻现实的镜头。叙事也挺好的，像在说一个江湖流传的故事。可惜胡歌和桂纶镁实在是气质不符，表演得好尴尬，看着有点出戏。
colesama,30,还行,2019-12-12 20:23:40,你见过胡歌这样的偷车贼和桂纶镁这样的三陪女吗????????????
穆子衿,30,还行,2019-12-05 19:32:38,剧情比较简单，没有太多的亮点。其中桂纶镁表现得蛮好的，有些微表情蛮能体现人物的内心活动的。
汽车大师,30,还行,2019-12-07 13:56:45,警匪一家
桃子,30,还行,2019-12-07 01:25:24,很失望，从开头那场就知道了。跟《罗曼蒂克消亡史》一样，又是那种我不喜欢的“大家认为的好电影”。导演上部作品《白日焰火》那浑然天成的调调没了，取而代之的是与影片气质不符的刻意走位、构图、以及各名导的“招牌动作”，像是电影学院学生想用上全部武艺的毕业作品——“呦，看我多酷！” / 闪回用得非常傻 / 桂纶镁很好 / 尺度出乎意料地大
挪威耀阳,30,还行,2019-12-06 18:20:54,"纯粹影像的魅力，难以具体描述……一种虚幻的写实，一种写实的虚幻。
【PS：19.12.08 豆瓣7.5[70112] 好友7.9[54]】"
Prufrock的情歌,30,还行,2019-09-30 11:27:28,本来不知道为什么现在大陆导演都喜欢拍这种色彩明艳的小城犯罪片：以一座破落但地下产业昌盛的作为色彩光影浮动的背景，加入暴力械斗、冲动与情欲，口音换换就变成了不同的电影。刁亦男在演后谈说拍现实主义电影不容易拉投资，就容易明白很多了。人物全部是动机不明的法外之徒，和城镇空间没有直接的有机关联，加剧了这种空洞感。摄影、打光和空间调度能看出有花心思的设计，但是对电影本身推进价值不大。这些电影共同的缺点是：整体没有什么本真的生命力，没有现实关怀（这么说风雨云还好一点），因此也不怎么动人。配乐用了成吉思汗和美丽的梭罗河，还有人说是为了致敬姜文，简直令我不想评价。结局我差点以为万茜和桂纶镁在一起了，which would让整部片子上一个台阶，可惜并没有。
🤨,30,还行,2020-03-13 21:17:02,戛纳版是110分钟，反而比公映版少三分钟。对中国乡镇的表现和记录是最特别的吧，从方言到环境，广场舞、面店、筒子楼、宾馆、小广告，很真实。赤裸脊背上的汗与水，破败居民楼里的奔与逃，最喜欢的镜头是阻止强奸犯时周泽农投在墙上的影子。周泽农的对家和兄弟为钱置他于死地，一心为财的刘爱爱最后却将钱分给他的妻子，被出卖的周泽农也在刘爱爱被强奸时伸出援手。长柄伞插入腹部撑开后在伞面上溅起的血，极速冲过道路被瞬间砍断的头，是一场暴力美学，尤其喜欢前一个。但是剧情真的有点弱，看了一个小时还集中于“你举报我”“怎么举报”，当时觉得很疲。
油漆未干,30,还行,2019-12-03 10:20:03,还是预告片好看
阿柴,30,还行,2019-12-02 22:06:07,还行的，桂纶镁很不错啊，满脸就是吃过很多苦的样子，但故事和人物没那么有力量就是了。
peterobbin,30,还行,2019-09-30 12:06:14,黑色电影的光影设计在影片中比比皆是，然后某些时候昙花一现的绝妙设计却消失得太早。直白的暴力一点不造作，然而有时人物的内涵在死之前却还没有建立起来。总体来讲是一部很讲究风格化的表达，忽略了故事逻辑本身的电影。NYFF首映，观众笑场n次，真的就那么搞笑吗？？
Zzzlying,30,还行,2019-12-12 01:21:50,想再去把白日焰火找出来看看
関治,30,还行,2019-12-06 16:08:45,猎奇导演的（数次）早泄/想拍大调度但是一直在露怯/光也是想到就控一控的程度而已/几个“高光时刻”完全是高考作文套作式的拼贴/下一部应该就是派桂纶镁廖凡配刘昊然去福建小渔村拍缉毒题材了吧
Mrs Dalloway,30,还行,2019-11-12 06:40:59,人物刻画很弱，视听语言很强。胡歌演这个角色，是不是有点儿过于外貌出众了？
Sherlock,30,还行,2019-12-13 00:55:59,逻辑太弱了吧？通缉犯的老婆会如此行动自如？如果是为了钓鱼，也不该身旁只一个华华吧？这么大的盗窃、犯罪团伙，平日都没盯着？这么大的警力、军力陪着躲猫猫？十来年前咱们对枪支管理如此失控？周克华也没那么难抓吧？若只是为了钱，任何举报人的底细还查不出来？最牛的是，钱居然还真发了；发了之后，还要当众分？试听上极其华丽但土鳖，中国每个小镇都可以拍得这么风骚，但有何特殊性？被毕赣带坏了。演员装腔作势毫无必要，胡歌只成了行走的幽灵，带点性吸引力的。毫无沉浸，内容形式脱节。中国日后会有越来越多的这种电影，可以概括为“有点资源”的大佬们“有点追求”的“有点现实主义”。我是好奇这种这一环环如此顺滑下来但一回想却整个儿make no sense的故事是怎么造出来的？故意或努力，刁哥算哪一种呢？
莫呼洛迦-屁股上的青春在歌唱,30,还行,2019-12-06 23:04:00,不否認影片有種非常獨特的氣質，但整體感覺總是差了一口氣。黑白兩道的會議和「等一下」的呼應讓人一頭霧水，難道是說管理的秘訣就在於開會嗎？我仔細看每一個時間刻度，胡歌和桂綸鎂的 22:55 分的會面就也只是單純的會面，遇見警察時有 LED 軟管燈和 LED 燈鞋底這些符號看起來似乎毫無意義⋯⋯ 值得誇讚也就演員們的表演、攝影、配樂了吧？硬要講的話天井的那場戲的調度也還行（這種場面的調度今年最佳的非《風雨雲》莫屬）。當然對這部片有點失望的原因大概也是因為期望太高了。
candyme,30,还行,2019-12-07 12:16:28,3.5星。延续刁亦男对noir风格的追求，大量运用人影和镜像，还有夜幕中的霓虹，创造独特的视听形式。可惜剧本真的弱了，我甚至觉得毕赣《地球上最后的夜晚》的故事也比这个丰富一点。
郝小勺,30,还行,2019-12-01 21:46:18,是好看的，一個個片段構成的視聽語言非常迷人，觀看可以達到空間環境大於人物情節的忘我狀態，這確實是影像的魅力。只是導演在影像中的參與感太強了，完美設計，有些時刻的感受就很像《地球最後的夜晚》，這時候就察覺到距離感了。
子纯子憨,30,还行,2019-12-06 13:21:20,刁亦男退步了，很明显这部视觉和影像堆叠试图更加风格化，但是有种冗余和做作，白日焰火却很纯净很带感，也很带情绪。主要还是故事太差了，刁亦男求你不要编剧好吗，真的求求了（无恶意）。这个故事完全没有新意和新奇，很简单的命运波折问题，几乎没有任何价值，拍出来可以说浪费人力物力，好在血腥场面太难得，在国产片挺惊喜，想拍手。演技其实小混混们更好些，演得自然真的太重要了，其他大牌一板一眼、一唱一和，有种太故意的感觉，这种不自然和破旧黑潮、雨声点点的环境格格不入，并不是说他们不好，只是不太搭，毕竟老胡还是老胡。总之，影像看起来升级了，反而做作了，故事一塌糊涂没价值没看点没新意，演技还能更好，老胡没转型成功，还要多练练。
5691。,30,还行,2019-12-07 18:04:48,色调和构图挺好，大家演技都在线，群演的演技都不错，就是没啥水花，散场听到有人吐糟片名应该叫受益人(摊手
jj73浅之,30,还行,2019-12-02 21:27:30,当然要肯定这部在美学上的突破，虽然到处借鉴得非常明显，但至少提供了把破败的城乡结合部拍美的范本。元素堆砌，时空不明，当下的城乡也不存在猎奇马戏团和诺基亚手机了，而且都手机支付。明明讲武汉话但对地域的处理是模糊的。故事扁平、信息量低是观影疲惫最大的原因。以及，为什么觉得女主演得更差？
糖仙贝,30,还行,2019-12-07 04:29:12,说句实话 审美疲劳 中国的六七八？代导演从拍乡土中国进化到拍郊区中国 在写实和猎奇的边缘尝到甜头后开始用方言大拍特拍城乡结合部 拍城中村 拍非正常职业女性和江湖奇情 现在更省事了 贾樟柯毕赣又加上刁亦男 互相抄作业 别的不说美女蛇就在天注定拍过一次 还有这个黄觉 直接照搬地球最后的夜晚 怎么一个个这么懒呢 今次最佳又是万茜 至于胡歌 要上大银幕转型拿出这么多年的经验来搏命是应该的。
WWWwww🍑,30,还行,2019-12-07 00:16:11,镜头太碎又有点故作高深...不太喜欢看这种类型，最近几年方言电影真的太多了但其实一点也不入戏
随游人,30,还行,2019-12-13 22:15:06,冲着好评去看的，但是感觉不如期望的那么好。太刻意追求黑色美学风格，匠气重，影像视听效果太强烈，反倒将人物故事弱化了。叙事手法传统，顺叙、倒叙、插叙都有，还算流畅，但节奏有点慢，有点沉闷，有时让人出戏，两个女主扮演者的形象气质与角色的距离有点大，做妓女的太小清新，翻新旧家具的老婆太秀气。胡歌演出了黑帮的狠劲，但从开始躲避追捕到想给老婆落笔巨款找死的救赎心路历程及情绪刻画并不是很到位。刑警刘队的角色塑造显单薄，黑帮、警察、居民、路人等群戏较多，场面调度还不错，最后结局的镜头设计过于刻意，片尾曲也是文艺范，将本是阴郁迷茫、暴力尖锐的黑色气质一下就被泄了，让电影丢分不少。
高级动物,30,还行,2019-12-10 16:06:24,导演请问一下！一个个的杀人不眨眼还有军火，干点什么不发财非要偷电瓶车！？
街坊饿霸,30,还行,2019-12-08 13:12:06,胡很不好，在他身上看不到绝处，他只是一个值三十万，勾兑人心欲望的象征。木讷、无趣、落魄、没有魅力。霓虹动物园很好，但我要看动物，不是动物园。
Cor Cordium,30,还行,2019-12-06 23:36:35,3 outta 4. 鼓励一下，导演的打戏拍得很好，可以和吴京合作。
赱馬觀♣,30,还行,2020-03-06 10:58:19,三十万可以干蛮多事情的，打算回老家做点小生意，比方说在街角开家干洗店……刁亦男实际在效仿东木硫磺岛，把几乎同个故事分别以矛盾双方的视角各拍了一遍，胡歌的命运轨迹极似王学兵、桂纶镁仍然摆脱不掉廖凡阴影。但问题却在于：白日通片消沉基调与导演对主线廖凡的暗黑讽贬角塑脉络始终保持一致，换到胡/王这边使魅犯居主之后，不可避免上行至特维斯式草莽英雄的轨迹（选角顶偶极帅胡歌的确有助于渲染英雄却严重失信于草莽），此时如依旧延用纯黑调性必然导致情绪违和错位，其中尤以两场以凸显主人公神勇的打戏为甚。
tankry,30,还行,2019-12-09 10:19:48,当然是故事远小于文本意涵的电影，以至于用最宽幅的影像与调度呈现环境对个体的吞没，以至于电影本身的黑色属性都要小于城市性本身。这当然提升影像的成瘾性，但角色之间的感情说服力却要远低于白日焰火，甚至以一人自我献祭后的三人突围来捍卫爱情，都被最终的寥寥数笔补充字幕逆转，不得不说是最大的讽刺了。散场后和清晰说起，我们当下正需要一些电影的出现，这比它们是否杰出更加重要。美丽的梭罗河一如既往，雨季终要来临，未知的破灭的消逝的夜晚随你流向远方。
Puko68,30,还行,2019-12-16 17:05:26,糊弄人。无意义的符号堆砌，种种难受的献媚奇观令我十分难受。剧本一般，视觉真不错，可惜了。
glim,30,还行,2019-12-09 21:01:31,在南方的阴雨中，没有谁可以真正的逃脱
阿基米德,30,还行,2019-11-19 23:14:41,"武汉话还蛮亲切的，不知道是不是审查原因，导致相当琐碎和断裂。

大家笑的很开心。"
マツハラ,30,还行,2019-12-06 21:47:19,"#B+#
感觉导演组织材料的方式有点笨拙（不是形式与内容的问题）-诚然以风格代替叙事的尝试很好。有些令我着迷的点：夜间动物园；某种巨响-很期待导演继续在这个上做文章但很可惜好像只成为了某种漂浮的能指；房间内极为动人的濒死状态与复苏。"
dirtyme,30,还行,2019-12-08 22:06:10,不知道该用哪一种既有类型去评价这个片子，非常杂糅。整体上空有影像风格和氛围，剧情一团糟。两位主演都有很大的可替换性，只是配合导演光影游戏的符号而已，没有到达角色层面。特别是桂纶镁，这么多年一直这样素面朝天的把电影当mv演，这一次，是不是对武汉话有什么误解，“拐子”不是这个喊法，频繁出戏。
溏心,30,还行,2019-12-01 15:33:09,最后的结尾跟闹着玩似的
寂寞^2就好,30,还行,2019-12-18 00:20:51,感觉没必要去电影院看。
Sean长安,30,还行,2019-12-07 18:40:34,"7.5分
   光调的处理对于整部影片而言十分成功。昏暗的光调下是法治社会的紊乱和人性的复杂善变。自然光与环境音的大量录用，则是让全片呈现一种平静而又惶恐压抑的情调。简单化的故事作为影片的特点之一，但又因导演叙事功底的不足而落得俗套。还有一点不得不提，删减后的《南方车站的聚会》竟然是近年来最血腥暴力的国产院线电影！"
马克西米利安,30,还行,2019-12-08 00:11:13,南方的雨透着气息奄奄，倒不如北方的冰雪凛冽刺骨。
fallingraining,30,还行,2019-12-15 20:00:46,这片子真心很戛纳，而且几乎是戛纳到无以复加的地步。主配角色演技要求都极高，刻意模糊的具体背景，一件并不复杂的犯罪事件。全程激烈冲突的爆发点屈指可数。这种片子桂纶镁演是常规操作，但胡歌把自己的大屏幕处女作交给这部片子我是没看懂。他还是适合去演李逍遥、景天、明台、梅长苏这样的聪明人，而不是一个不大不小的中流氓。这类片子叫好并不奇怪，但还比较叫座就有点突破常规认识了。只能说要么是胡歌的招牌太亮亦或国内观众的口味真的变了。最后补一句，这整个案子真的很莫名其妙。
Jaycee,30,还行,2019-12-08 21:26:37,男主不是胡歌可能会更好看，他那张脸太正气，少了点瘪气。脑内搜寻了一遍，秦昊倒是可以，邪里邪气的。
Hekki,30,还行,2020-02-18 03:39:14,上映两个月后终于赶在下画前赶去看了。太生硬了，有点失望。霓虹灯让人想起唯神能恕。桂纶镁太不适合这个角色啦
是你的小书僮,30,还行,2019-12-11 06:28:58,挺一般的，各种影评人的话真不能信，看完下来，全场最出彩的是巴蒂斯图塔的9号球衣。
fish-water,30,还行,2019-12-09 17:49:31,刁亦男导演的风格还是很迷人的，在当下中国诸多导演里也很另类，但这部电影也有点无聊，我好像更喜欢《白日焰火》点。最主要是你几乎下意识地会把它和国外诸多此类型电影比较，一比就会出现参差。另外就是总觉得导演或许困于外部原因而无法彻底张开，所以很多地方就觉得打出的拳停在半路，要是能彻底下去就好了。
心下留饮,30,还行,2019-12-06 19:30:13,几天后调查刘爱爱就给几星
茶壶,30,还行,2019-12-19 17:37:29,刘强是很好的美术
继利初,30,还行,2019-12-18 02:23:42,像广告片，视觉挺好，内容看不出有什么看点
鲁闽,30,还行,2019-12-08 11:30:52,胡歌的角色如果让廖凡来演，桂纶镁的角色如果让曾美慧孜来演，应该会好不少。
monkey59,30,还行,2019-12-06 13:16:55,很多地方好做作啊，就好好讲故事不行吗，非得故弄玄虚。还有胡歌真的没啥演技，桂纶镁完全没和他撞出火花。湖北这个设定挺好的，几位主演方言随便说都不违和，城中村的场景拍得很好，就是那样。
喵老师2333,30,还行,2019-05-25 18:54:55,胡歌和桂纶镁的美色让人物的真实性减少了30%。昭和的摄影手法拍出的却是令和精致的数字画面，这种冲突感就看个人接受程度了。讲故事的手法非常高级，祖峰好好学学。桂纶镁激动的时候偶尔会跳回她的台湾戏剧体系。胡歌确实是突破，但是还没有摸到天花板。不是一部值得我只睡四个小时然后去排队的电影。
十个斗的眼窝浅,30,还行,2020-02-15 19:10:32,"一副对联——摩托车分片儿大会、警察任务布置大会，横批——拆迁整改动员大会。看得我还挺想笑的。
意气用事最要不得！如果不是最初开那枪，再加上没有压事儿的人，胡歌就不会死！这个城市的陪泳女是真的存在的吗？"
麦克阿里,30,还行,2019-12-07 19:40:16,"有佳句无佳章。
风格不够个性，剧情不够类型。
有情绪但不够劲儿，有氛围但不对味儿。
即使抛开审查删减的因素，刁亦男的美学趣味给人感觉还是很杂糅，形不成独有的体系或风格。"
林家雨翔,30,还行,2019-11-29 06:02:15,太多别人的影子。
阿丽丝,30,还行,2019-12-08 19:17:24,3.5 刁亦男令我印象最深的不是剧作、叙事、剪辑或者黑色氛围的塑造，这些都称不上惊艳，只不过放在一个国内作者导演的身上，这些优点确实显得更闪亮，最打动我的是那些动作和画面细节上的创意：比如叉车、广场舞的led发光鞋，和可以让人忽略物理bug的那把作为武器的雨伞。表演无感，两个主角几乎没有戏，克制不等于消除，隐忍不是放空，思考也不是沉默，最后一场戏，胡歌内心戏几乎全靠吃面的音效，真心没法买账。不知道未删减版会不会是另一部电影。
candy小白,30,还行,2019-05-26 02:44:30,第72届戛纳电影节主竞赛单元，唯一华语片。演员们的作用都是为了反应社会环境，脏乱差小偷妓女削脑袋爆头抢占强奸，应有尽有，居然过审了...技巧有了，但感觉形式大于内容，期待以后的作品吧。
糯米托腮费哥舞,30,还行,2019-05-31 21:10:22,院线版几处删减和画蛇添足之处比较明显，影响观看。视听的花哨效果很好，如开头飞车党开会群架、动物园合围，而广场舞那边的视觉有些用力过猛了，也不能说是奇观化但你总感受不到这些东西的内在关联逻辑，结尾一泻千里比较惨淡。2019.12.07//千万别谈黑色电影云云，论情节我只觉可以忽略。这完全是导演个人风格大秀、视听大赏，很多小戏以及几场大戏都可以看到精彩的场面调度，可惜一切都在纸糊剧情的衬托下显得无力了。
福尔摩袁,30,还行,2019-12-09 12:49:26,虽然剧情是看懂了，很简单，场景、服装、演员的演技都没的说，但是看的时候总感觉不太吸引人。我也不太懂，可能是我的欣赏水平还没达到吧。在电影里面看到了很真实的我记忆中的农村场景，还有刘爱爱拿的那种会发光的灯，也是小时候看到过的，但是感觉有点刻意，不觉得这是个真实的场景。电影中动物园里动物的眼睛、男女主在高楼大厦的宣传画中走过、人物动作用影子来显示还有用雨伞杀人都设置得很好，但是整个电影看下来有点太平淡了。我对男主要面临的危险没有太多的恐惧，没办法融入进去，从始至终都只觉得这是一场虚假的表演。虽然表演没得挑。
乱改名字！,30,还行,2019-12-06 22:43:10,累死了看得我，周五晚上不该这样
吃人吃面不吃心,30,还行,2019-11-14 17:11:30,桂纶镁是要把中国大陆文艺明星全部水洗一遍吗？
杰瑞的胸肌,30,还行,2019-12-06 11:30:06,形式大于内容，桂纶镁有惊喜。胡歌的表演方式不适合大荧幕，蛮尴尬的。
Xpectations,30,还行,2019-12-16 17:37:19,我不适合看刁亦男，这次记得了
U 兔,30,还行,2020-03-19 15:46:48,故事太牵强了，难以进入更难以进行感情投射。原本以为是我到场晚了15分钟，后来补看一次发现果真是故事不行。为了展开情节，给陌生人讲事情经过这种设定也太生硬了吧，多弱的编剧才能这么处理，跟偷懒无异。摄影还是挺不错的，很有黑色电影的调调，后期调色有点赶时髦。有几场戏明显感觉到调度的无力，以至于最后效果也有点差，比如旧楼中的追逐、船上kj那段，原本都有些浪漫可言，有很强的可视化的元素，但最后都表现得有些疲软。出柜戏有意思，这样回想一下貌似夜戏都有点差，动物园那段压根被剪得都没搞懂怎么回事就胡乱插进来，可能是导演太喜欢这段了吧。感觉胡歌和廖凡换一下各自都会演得更好一点。
kidultcc,30,还行,2019-12-08 20:19:08,大型miscasting现场（但看到了陈永忠就很惊喜内！
touya,30,还行,2019-12-06 22:05:14,故事很简单，甚至于连所谓的悬念导演都懒得设置的太深，主要展现出来的还是一种氛围和情绪，视听方面很突出，导演运镜讲究，几场影子戏给我印象很好。色彩突出的文艺暴力范儿有点NWR的意思，但缺点也是一样，演员都太像道具了，演得都不错，但驱动作用较低，就像互换角色似乎也没有太大的区别。
𝙃𝙚𝙡𝙤𝙞𝙨𝙚,30,还行,2019-12-07 18:02:40,《地球最后的夜晚》还是挺好看的…
张苑希,30,还行,2020-07-19 18:16:54,摄影＞故事。镜头生猛，氛围浓烈，镜像光影，霓虹美学。胡歌的偶像范儿还是太重了，不是很衬戏。黄觉的客串绝对是来搞笑的，百合结局我非常可以。相较之还是《白日焰火》更好看点。
戚行,30,还行,2019-12-16 17:56:35,缓缓打出一个？我永远get不到刁亦男的点
ykx2000,30,还行,2020-02-12 19:10:14,人物没有共鸣，距离感。
城南草木生,30,还行,2020-04-24 03:39:30,刁亦男的审美和个人风格都很喜欢，只是胡歌出现在这里比其他人都更像警察，桂纶镁和万茜跟社会底层也完全不搭，真的有点别扭。
谢明宏,30,还行,2019-12-06 15:14:36,嗯，桂纶镁用湖水漱了口，这是“船戏”啊朋友们
马灵鼠羊小羊,30,还行,2019-12-18 07:16:47,记住的就只是暗沉的湖中央两个人无神的目光 想到了《颐和园》....可惜了这部电影
南屿,30,还行,2019-12-07 17:50:13,感觉廖凡和胡歌的角色倒一下比较好，剧本真硬伤。
mirai,30,还行,2019-11-24 16:08:23,刁老师是NWR的迷弟吧...学过头了？
马戏团,30,还行,2019-12-07 18:58:12,不知道为什么刁亦男这么执着于用桂纶镁，她这副无欲无求的模样实在跟情境不兼容，包括胡歌也是用力过猛，两人却始终像半路空降到一个排练许久的话剧中，其他配角都在戏里唯独他俩除外。
Moments,30,还行,2019-12-10 07:40:19,群力的CGV居然要关门了～电影以一种碎片化的方式呈现内容，整体风格昏暗、阴沉，故事本身却极为简单，给人后现代的感觉～但正如现代性需要反思，后现代也值得反思，总以一种所谓的文艺，碎片化、模糊的意象来建构整体，是不是本身也是一种破碎～我们追求的其实不是破碎本身，而且如何在破碎中找到不破碎的
让保罗切小田,30,还行,2019-12-07 17:27:35,观看夜车和制服的不适感再度被唤醒。一说陪泳女就想到裴勇俊，充满老人味的我😓。
Patrick宋,30,还行,2019-12-16 10:01:56,人物写得有点浅。我觉得值得深挖的是陈泽农、刘爱爱和陈泽农老婆间的三角关系。假定稍微展开刘爱爱与原配间的帮扶关系，会有不错的效果：两个本是情敌关系的人，因都是同难人，彼此帮衬，慰藉心灵。
猫晓寂,30,还行,2019-12-11 07:38:41,不到两个小时的电影，对我来说，却好像三个小时那么漫长。
独行侠杀手阿何,30,还行,2019-12-11 23:39:09,盗车党的聚会，野鹅湖的生死。有意营造的霓虹光景流动弥漫，猎奇的错觉点唱箱抢眼非常。贯穿全片的音效惊悚骇人！胡歌既落魄又帅气！漆黑夜晚下动物园一惊一乍的追捕堪称全片最精彩段落！其次是身穿荧光鞋在《Rasputin》和《Dschinghis Khan》伴奏下跳广场舞和黄伞杀人洒血的一段！片尾曲《美丽的梭罗河》更是优美动人。只可惜本片除了摄影、美工和声效，其他基本一无是处。从《江湖儿女》，《地球最后的夜晚》到《南方车站的聚会》，这种国产文艺片真是一次次地让我失望。想打造一个离奇怪异的南方小成却刻意生硬无比，故事毫无连贯的戏剧张力，仅靠分散的情节粘连和和吸睛的画面点缀，从头到尾让人恍如梦游。
小熊QQ,30,还行,2019-12-06 21:20:13,比较失望的片子，镜头炫技意向罗列，然而它没有承载太多的情感与张力，只是杂耍。
山鬼君,30,还行,2019-12-07 14:52:10,这是一部关于骗悬赏金就会被警方带走的文艺片。
undine,30,还行,2019-09-30 11:37:48,NYFF57#3 看完白日焰火没法直视冰刀 看完南方车站的聚会无法直视雨伞…
梅子,30,还行,2019-12-08 08:24:07,风格更进了一步，不过也就更恍惚了一些，很多情境的设计宛如做梦，一如既往的是刁亦男赋予底层人物与空间恰当的诗感，与暴力、背叛杂糅在一起，是一种姿态的呈现。人物仍是硬伤，从《白日焰火》中的单个人物的空浮，到聚会里面全方面人物的单薄，使得整个电影遗憾地搁浅。
maya,30,还行,2019-12-17 23:25:47,什么时候能学会好好讲故事，不整那些花里胡哨的。
薇力无限,30,还行,2019-12-07 09:33:49,就是那种真说不上好，但肯定不是差评的片
废话队长,30,还行,2019-12-06 12:20:38,霓虹灯管搭建的世界里，每个人都化身行走的异种。水面上是斜睨潮红的美人鱼，上岸后就成刀尖跳舞的小女孩。比之《白日焰火》进在视觉，退在剧本。虽然表演空间不大，但“刘爱爱”才是真主角啊，“周泽农”也不过驱驰奔走的棋子罢了
楠喃,30,还行,2019-12-09 12:32:39,如果我明天写完了读书报告，后天写完了马克思的实践报告，我就奖励自己周日去看电影❤️。
廊桥梦遗,30,还行,2019-12-16 18:09:45,胡歌角色应该让廖凡演
潜意识,30,还行,2020-02-08 20:10:06,略失望，有负期待，个人风格化依旧很突出，但剧情过于强调其设计感，而这些众多堆砌的元素显得僵硬。
非魚,30,还行,2019-12-07 22:06:26,说吧，是不是有未剪辑版？
淡水8号自炊圆,30,还行,2019-08-27 21:22:14,剧情逻辑简单又荒唐，看完之后外国人都在互相问是否看懂了。男主或许演技应该再自然一点。
書魚,30,还行,2019-12-11 19:53:12,都是武汉话说不好的主角，《万箭穿心》里的颜丙燕表演要好的多。没有汉骂的加持，眼神又这么不聚焦，哪有武汉底层混混的一分神采……
二湿兄,30,还行,2019-12-07 01:11:02,drive提纯后，高司令是耶稣。胡歌呢？怕是个李逵。
冷杉,30,还行,2019-11-23 22:35:49,黑色电影。剪辑太差，太跳，很少顺着剪。纪实风格摄影，灯光也不错，但用了明星就很难达到纪实的感觉。故事乱了，也就雨伞戏好。演员都挺卖力的
肖浑,30,还行,2019-12-13 20:57:09,一场梦游，桂纶镁是那个催我入梦的人，口令就是“拐子”，梦里阴暗潮湿有屎黄色的美，飞车掉头和警匪地图点名对照两场戏让我从梦中惊醒。
Namimono,30,还行,2019-12-10 15:23:42,非常僵硬，从表演到视听到剧本
Joe,30,还行,2020-05-02 14:56:21,2020/5/2在youtube看的，看留言說有國際版的和中國版的，不知道是看哪版的。覺得胡歌演的不錯，桂綸鎂演技還是一樣，沒太大長進，當初得金馬影后真的是很奇怪!
heyjuice,30,还行,2019-12-18 00:05:58,以为在看《地球的最后夜晚》
温克尔maya,30,还行,2019-12-06 21:06:38,白日焰火有些许苍凉和浪漫，这个简直了，及其血腥残暴，不过拍得确实很好，一次逃亡各路牛鬼蛇神，社会的黑暗毫不加掩饰。
蓝翼,30,还行,2019-12-06 21:44:35,三星半。不地道的武汉话听着还是别扭
请喊我去写综述,30,还行,2019-12-08 10:12:33,嗯。。。。我喜不起来这种风格。桂纶镁不错，胡歌不好，前面那段对话模模糊糊的他又一副一身正气遗世独立的样子我还以为他是警察。。。
曼靑,30,还行,2020-02-08 14:03:58,看的时候真的会一直和《白日焰火》做比较，刁亦男镜头下的城市总是灰蒙蒙的，给人一种中国式犯罪都市的感觉，很难去说清楚到底是文艺爱情片还是犯罪悬疑片。胡歌饰演的摩托车盗窃犯在一场「偷车运动会」上误杀了一名刑警而被全城通缉，这个凶狠的男人在将死的时候 仍旧想着的是把通缉自己的三十万悬红留给妻子和儿子。看完之后我也一直在想，为什么这部电影要叫做南方车站的聚会？字面意思应该是电视讲的是一个插叙的故事，开场的时候周泽农将碰头地点选在了车站，希望让老婆揭发他获得赏金，这是南方车站的来源——之后才娓娓道来周泽农误杀刑警的缘由。电影在演员的服化上刻意的丑化胡歌和桂纶镁，除了让人看着很别扭之外、似乎没有达到真正的接地气效果。《白日焰火》的故事讲得更更完整、也更好一些。
ಠ_ಠ,30,还行,2019-05-23 21:30:13,没有，M&M没有使我睡着，但是这个使我睡着了:)
神迦乐小舞,30,还行,2019-12-14 00:17:37,胡歌演出了傻气，但缺了匪气，太多时候眼神像极了落魄的贵公子或者说“迷路的小猫咪”。
sean cheung,30,还行,2019-12-28 15:06:51,它很「好看」，導演很懂得自己的優點，也很懂怎麼利用風格和視覺。問題在於，從一開頭見面用回憶的方式講故事，這部電影就無時無刻不忘明星高光，時刻故意為之的音樂音效，掩蓋不住的商業氣質，本身不是問題，可是他又想把它拍成一部寫實的，貼地的人性故事，努力再現城市和城中村風貌，二者之間構成了強烈的矛盾。另一點是一旦觀眾早知道罪犯都會伏法，他們的逃亡帶來的緊張感也不過是這個人怎麼死而已。剪輯花到有點做作，周在賓館繳槍的室內戲，我請問你轉什麼鏡？？那一刻什麼情緒也沒有啊大家。
喝可口打嗝的仔,30,还行,2019-12-18 08:17:57,感觉一般，并没有传说中的那么好，其实不用搞得那么沧桑。
贺兰迈克,30,还行,2020-01-09 15:47:49,故事还可以，风格太浓郁。胡歌演的不错，但是导演整体处理出了某种失真感。
yugege是我,30,还行,2019-12-06 14:52:14,看完电影后，一时间想起了6年前的天注定。为何同样是社会恶性案件的改编，后者却在国内惨遭封杀？细想之后，南方车站案件的源起是盗窃团伙利益相争后产生冲突，由此引发的一系列事件，猫耳兄弟的冷血残暴，团伙头目坐拥渔翁之利的小心思，好兄弟的见财起意被无限的扩大化，给人感觉罪犯只是为了单纯的利益而犯罪，为了犯罪而犯罪。一场电影看完，虽然胡歌，桂纶镁的演技确实有亮点，镜头语言也有很深刻的印象，但是前后剧情却让我看的很是难受，故事进行到三分之一，就点名了最终的目的，然后剩下三分之二的时间围绕着这个目的进行，由人物来推动剧情走向，很是生硬。相比，贾导的天注定更多的在叙述人物的心理路程，由故事推动人物的发展，剧情中的罪犯往往侧漏出一种“被迫”的犯罪感觉，暗喻着社会底层人士的无奈和对社会的讽刺。或许这就是原因吧
阿笨猫,30,还行,2019-12-07 19:30:06,胡歌演得太嫩，桂纶镁表现平庸，两位主演还是明星气质太突出，没法和底层社会融为一体。故事也比较拖沓，莫名其妙的镜头很多。除了现实感和犯罪题材加分，片子总体来说还是普通了。
斯大凌,20,较差,2019-05-19 01:01:33,目标受众绝对不是中国观众，用各种各样的奇观元素堆砌出一个猎奇的南方城市。在这样一部只有角色没有人物，只有剧情没有故事的电影里，能看到的只有外媒想看到的中国景观。
萨库拉,20,较差,2019-05-19 00:43:40,从语言到故事都没有实感，玩镜头，堆符号，各种做作的设计，在《白日焰火》之后是种倒退。
faroe.,20,较差,2019-05-19 00:40:33,刁亦男的戏剧经验的套用导致了调度和剪辑的不契合，整个成片有一些drive的调调，大量的灯美设计很不错，摄影也算上乘，但是却被僵硬的调度和柔弱的叙事方式毁了。整体剧作，只有一个词FRAGILE，太易碎，只看到了向作者靠拢的一厢情愿。太断裂，情感毫无连续，在充满刻意的桥段里卖弄自己的把戏。
老末,10,很差,2019-05-19 01:35:31,#Cannes72#主竞赛第四场。我看完了很难受，我在自我怀疑是不是自己审片能力差到该转行。“但是兄弟，喜欢就是喜欢，特别不喜欢就是特别不喜欢。”世界电影可以讨论的格局如此先进的今天，请停止跪舔欧洲。
二十二岛主,20,较差,2019-05-25 19:02:51,戛纳第9场主竞赛。片名改为《野鹅湖枪击案刑侦纪实》更好，一部完全迎合电影节风格的电影，是刁亦男在《白日焰火》刚刚确立影像风格后的一次退步。可以看到很多类型影像的模仿与借鉴，杂糅之后出现的就是四不像，故事本身的单薄和结尾故作聪明的所谓反转也显得有些可笑。最令人生厌的是竟然也开始通过加入广场舞、付费奇观表演这些国外观众感兴趣的东西来增加噱头，导演想要进一步强调作者风格，留给演员的发挥空间也并不大，胡歌挺努力，值得肯定，但其他几位实力派全都不是最好的状态，《雪暴》＋《地球最后的夜晚》的演员阵容快成为国内文艺片的标配了。总之非常失望。
Bangbang,10,很差,2019-08-23 01:41:35,浓妆艳抹，装腔作势，不可一世
王缃意,20,较差,2019-05-19 20:53:04,这是看了一场讲故事版的地球最后的夜晚？？？
Henman,10,很差,2019-07-07 04:15:08,空架子，精心包装的平庸，浪费观影人时间
猫奴十二年,20,较差,2019-12-02 20:39:23,论一个形式主义者如何拯救平庸且逻辑不足的剧本
maud,20,较差,2019-05-19 08:11:33,导演还是非常有野心且用劲的，可惜就是失败了。类型吧动作戏不知道怎么在拍，作者性呢风格混杂，没有美学统一。硬件上剪辑、声音也很有问题。比较适合外国电影节口味。整体远不如「白日焰火」，也难以满足大众口味。用武汉话总结，真的是哦嚯了。
yzyzly,10,很差,2019-12-06 09:24:33,胡歌太让人失望了，这么久没作品还以为沉淀了有进步呢，结果演这么差…别的还行
从依壑,20,较差,2019-05-23 15:46:41,硬生生再造一个西方人脑中浮现的中国一角，即便这种面貌长时间存在过。然后再用华丽模仿的电影技艺裹挟一遍，大师延续的传说就开始了。在我眼中只是另一种投机。美学的突破也玩不过如此堆符号。
Awfullycho,10,很差,2019-12-06 05:16:44,我真不该去看，太难看了，从剧情到主演
lmhh,20,较差,2019-05-19 01:26:12,胡歌不是忧郁，是整个人抑郁了，脱离人的影片，扭曲挣扎，两者产生了一种共振美
猫力小凯文,20,较差,2019-05-20 04:47:55,情欲算有味道，但真的要如此堆砌东方奇观讨好外国人吗？我们中国影人什么时候能在电影院看到真正的中国？在国内肯定不可能，在国外就一定可以吗？男女主选角真的很失败，宾馆杀人剪辑怪异。不管是戛纳还是哪里，老外选的片子还是他们想看的中国的样子，并且一直重复他们认定的印象！
在遇见你之前,20,较差,2019-12-06 05:31:31,戛纳：没有下次了。
sfhhr,10,很差,2019-12-06 06:55:31,不好看，好多夜戏，说的还是方言，看的人昏昏欲睡，主角的角色都立不住，也不贴，就万茜那个还行。
把噗,20,较差,2019-12-11 23:57:48,我为批评《地球最后的夜晚》而向毕赣道歉。
江湖新骗子,20,较差,2019-12-06 08:25:29,打掉膝盖跪欧洲三大，原以为是娄烨跟风，结果扒开了一看，画虎不成反类犬。
kingbenjamin,20,较差,2019-05-19 04:50:01,"還記得高中時,在巴黎香街的一家獨立電影院看到導演2008入圍一種關注單元的電影 車位,,有王家衛的張震和黃昏天空流動的雲海以及“沒有精神的巧克力蛋糕” 都說這位導演每一部電影都有其他導演的影子,不過這也不是特別有所謂,最讓人記憶猶新的是這個導演能拍出讓人難以忘記的噁心而不適的畫面,還記得車位有一場戲一位年輕的女士在給一個中國男人手交的那個過程和對話,發現這個導演是那種會利用技術拍電影的人,但是是一個沒有文化沒有水準的導演類型,就像他後來的所有電影一樣,包括今天的南方車站,形式主義過剩,就像現在的中國文化一樣,紅色資本主義下的zombies .很大的質疑,柏林是被中國人給收買了嗎,cannes選片方是非得每年湊齊2部中國電影的指標嗎.......是的,選片人看到的是中國熱騰騰的市場."
查查鲸,20,较差,2019-05-26 05:39:39,细想之后觉得不好，成为了元素呈现的大杂烩而忘记了叙述本身，有着极强的表现欲而电影没能撑起这么多表现。灯管是从NWR来的，车灯是奥迪来的吧，演员是毕赣老师那边来龙套，环境又像贾指导里面那样散视众生，最后丢掉了自己。胡歌吃面把全厅都吃饿了。
谢谢你们的鱼,20,较差,2019-12-06 23:04:57,太瞎了，表演瞎，调度瞎，剪辑瞎，配乐瞎，摄影瞎，从头到尾的装腔作势，毫无灵魂的角色却又做出一个个矫情的举动，想模仿尼古拉斯·温丁·雷弗恩、《猎人之夜》、《第三人》甚至法国新浪潮，结果所谓考究影像的背后尽是空洞与乏味，导演完全沉浸在一个自己创造的、单调的、充满了行尸走肉的平行时空里面，看着一个个主角没精打采的表演，刁亦男，要不，你还是去拍丧尸片吧！
荒淫少妇朴赞郁,20,较差,2019-05-21 14:20:06,罪恶中的浪漫哪去啦？怎么是个黑色喜剧？霓虹风即将统治地球！
一只小可爱,10,很差,2019-12-06 05:25:03,一个弯弯人一个上海人和一个湖南人操着一口并不标准的武汉话上演警察追小偷？？？冒险感觉不到，爱情稀里糊涂，只看到了一个小偷想洗白的心路历程，感觉受到了欺骗！刁亦男还我票钱！
噗效愚,20,较差,2019-12-06 12:39:42,哈哈哈哈哈哈哈哈哈哈哈哈哈哈哈哈哈哈哈哈为年度混剪而生的滑稽片，当时说场刊评分逼近痛苦与荣耀，奶，就他妈瞎奶，奶废了吧。它除了是个疑似拉拉共谋片有什么其他和阿莫多瓦扯得上关系的地方？城中村械斗和雨伞杀人很好玩以外，其他地方像是从白日焰火跟江湖儿女和地球最后的夜晚以及特稿记者自述里攒了些内容就上了，胡歌一锁头灭灯泡，不就是第六代小时候最熟的智取威虎山，杨子荣打油灯？奇观堆砌，为风格而风格，你能想象到的最蹩脚的武汉话，你能想象到的最尴尬的场景—把说蹩脚武汉话的推进native speaker堆里让他们接着说。如果坚持到最后还能听到世界上最油腻的梭罗河，真·笑到疲惫。
左胸上的吸盘,20,较差,2019-12-13 00:23:07,前半小时挺好，盗车团伙内部的凌厉杀戮，叉车断头、偷车竞赛、街市枪战，在南方黏腻温吞气氛里，构筑了一个流淌丝丝鲜血甜腥味的异世界，比贾樟柯的香港黑帮cos更具压迫力和冷笑话，后面的剧情也算新鲜，混战中胡歌误杀警察，于是变大案，全城通缉风雨飘摇，他琢磨的是让妻子举报自己好领走三十万赏金——但可惜拍烂了，警察廖凡也好，妻子万茜也好，包括胡歌本人，都成了只要做成一件事的人形工具，人物写的单薄也罢了，几个人之间也没有深层次的心理互动，他们都是孤立的活在一个形势里，桂纶镁的角色是唯一能承载矛盾和暧昧的，但她慌里慌张的表演让角色性格滑向了不可知，那后面她跟胡歌两人一副扑克脸的跑、躲、做爱等大量戏份的意义何以支撑？胡歌作为黑白两道的猎物，除了想如何让老婆领悬赏外还在想什么？这个人呈现出来的是一片空白好吗？
艮艮,20,较差,2019-12-06 12:47:55,及其不佳的一次观影体验，看的人昏昏欲睡，太讲究形式忽略了讲好故事的重要性。胡歌作为电视剧演员，与廖凡在同一部电影里可以看出演得非常吃力。
cooldog,20,较差,2019-12-06 09:06:58,空洞的故事加蹩脚的方言，男主演技捉急
Pluto,20,较差,2019-11-29 07:29:53,完成度像学生作业
行人过客,20,较差,2019-12-04 16:37:35,沧桑的扮相不等于有演技，没有故事内容的叙述，只是玩镜头，也只能是这样了。
天边最美的云彩,20,较差,2019-12-02 14:53:23,戛纳入围的电影可能不适合我们这种想看好故事的俗客。廖凡桂纶镁从《白日焰火》中出来，来到这里变成了彻头彻尾的工具角色，而服务的胡歌男主单薄的和他曾经无数的仙侠少年没有任何区别。更上一层楼的是影像，更下无数层楼的是故事。好在宣发越来越大，总有人会被骗进电影院，走出再感慨一句自己不是文化人。
tangerine,20,较差,2019-12-06 19:32:22,怎么说呢，这电影，就像过去五年来所有我喜欢的华语电影的缺点都集合在一起组成了一部电影，想骂的时候又不知道该骂什么，总觉得是在打自己的脸。
pawpatp,10,很差,2019-09-12 18:59:31,碰巧在多伦多陪朋友看的，导演野心很大，但各种设计堆砌在一起有点做作，不自然。分高了，明显比白日焰火差。胡歌戏份很多，但是演的不太行，没撑起来。
天天把豆豆来豆,10,很差,2019-12-06 21:12:12,一个逃犯让小时候对自己最好的小姨举报自己，从而领取赏金。
江海一蓑翁,20,较差,2019-12-10 21:15:32,跟《白日焰火》类似，同样让人失望的一部作品。刁亦男在早期作品《制服》和《夜车》里奠定的现实主义创作取向和对社会矛盾的敏锐观察，到了这部新作里，变成了一味地贩卖城乡结合部景观、暴力血腥的符号元素和老套而根本站不住脚的悬疑类型化设置。这样的操作手法，深谙各大电影节的审美情趣，然而关于人性张力和社会现实议题的展现，却几乎荡然无存。在丧失了现实主义的严肃创作立场与取向之后，上述种种看似接近现实的景观，就变成了彻头彻尾的伪现实主义噱头，这样完全屈从于电影产业逻辑的姿态，既让人反感，也让人搞到无比遗憾和可惜。
佐为,20,较差,2019-12-06 20:54:38,刁亦男贾樟柯互相抄，加上毕赣，以后可以抄吴宇森和杜琪峰了。你们终于榨干了县城叙事，没想到这拨人这么快开始奇观化了，呵呵，拍给你们欧洲影展评委老爷们看去吧。欲望化叙事走到尽头，类型玩儿得越溜，人物越空洞。去吧，去你们那片野鹅湖，那片欲望之湖，自由之湖。把警察当傻子吧，把观众当傻子吧，把无名大众删掉吧。小贾这么多年的努力这么多年去欧洲参展，终于让外国人看懂了县城叙事的意识形态背景。所以小贾们的类型化尝试和这种叙事变种才能被外国人看懂。国企改制拆迁等敏感和群体性事件的引子都在贾樟柯那里说过了。到这里，灰色犯罪团伙和警队两方的对峙中一次次被住户开门出门声、扔垃圾的突发声响惊吓反而使得警匪两方的奇观化处理更加可笑，因为群众彻底被淹没在黑色电影和欲望叙事的主人公背景之中。两到三星之间吧。
苦月亮,20,较差,2019-09-30 12:43:46,刁亦男Q&A金句：『我不想培養觀眾的觀影惰性。』『故事講的不好的人要被殺掉。』『選武漢沒有其他意義，就只是pure技術需求。』不是血漿噴濺就是黑色片了，不是拼命閃回就是重新結構了，不是一臉苦大仇深就是會演戲了。勸導演放下ego好好拍電影，不然只剩下空洞的景觀和討厭的男性視角。
狗尾巴草,10,很差,2019-12-06 20:58:51,人性的刻画再鲜明一点的话会更好.。
KL,20,较差,2019-08-05 21:24:38,做作的導演與面癱的主演們.
摄氏零度,20,较差,2019-12-03 01:52:15,做作的拍摄手法，扁平的人物，碎片且毫无章法的表达，甚至连所谓的生猛也不过如此。另，希望几位主演明白，有气无力不等于沉默的爆发。
星际宋飞,20,较差,2019-12-07 00:11:21,我真的已经看够这种题材了，刁亦男在风格上的尝试甚至有些做作了，这些西南乡镇景观、血浆和暴力、动物园和马戏团、开玩笑一样的板鼔配乐（真的很出戏啊...）都服务于什么样的内核了？整个电影像是橱窗里昂贵的装饰艺术，结尾谜一样的人物动机让人放弃解读.... 戛纳居然还在吃这一套
二月飞雪,10,很差,2019-12-07 09:02:28,故事本身的单薄和结尾故作聪明的所谓反转也显得有些可笑。
好胆你就麦造,20,较差,2019-12-06 12:34:06,好看???好难看啊！
阿凤,20,较差,2019-12-02 01:02:11,内容不真诚。形式也落伍。抱歉啊主创们...
Neliy,20,较差,2019-12-05 22:02:28,整部戏人物都没有活起来，有几个模仿大师的镜头和光效，还有几幕尺度略开的追杀和情欲戏，这就全场高呼喝彩了？能明白导演想要用胡歌的皮囊，去实现戏剧的逃离，但感觉还是车祸现场了…真心希望年轻导演能听到多一点真实的声音啊，请先生活，再拍戏啊。
小田切梨,20,较差,2019-12-09 12:26:11,黑色电影可以说是好莱坞人工性最强的电影类型，用侦探小说和漫画的笔触速写二战前后的罪恶世界，用景观置换了空间，但它毕竟是好莱坞制片体系内的产物，极强的意匠心思还是为了叙事和社会指涉服务，罪犯与蛇蝎美女的原型也可以在二战前后的美国社会中找到依托。如果剥离了这层类型电影的传统，用艺术电影的常规偷换了罪案题材的趣味性，那它作为黑色电影就徒剩下装置的人工性，成为了观念的粗陋展陈，演员也成为提线木偶。如果说刁亦男的前作《白日焰火》尚且能在肃杀冷酷的东北适得其所，这个发生在武汉的故事就让人觉得隔膜和做作得多。和毕赣的《地球最后的夜晚》一样，用一套熟练的欧洲系艺术电影语言操演着陈词滥调的电影观念，有意无意讨好欧洲口味的心思昭然若揭。
Peter Cat,20,较差,2019-12-18 12:21:49,戛纳首映场就是这个评价
女戈多,20,较差,2019-12-07 06:49:41,胡歌选错了，不适合这个逃犯
葡萄猪不爱睡觉,10,很差,2019-12-06 12:03:27,什么鬼，被这个分骗了。不是装个神弄个鬼就代表质量高
清浅,20,较差,2019-07-20 08:03:08,第一遍看的话。。。看到了满满的功利心吧，摄影炫技过于明显了，但这样的炫技根本不是导演设计，包括胡歌的所谓电影处女秀都还是太方正，没办法从大脑袋电视机跑出来，除了说意料之中的失望仿佛无话可说。心疼沈老师手握刁亦男和某干某阳。和导演聊了几句，多年前的构思碰上多年后的名利场，圈中目前没看到一条称赞，或许也算是为华语片默哀吧
小宇_hidden,20,较差,2019-12-06 14:09:48,待重看《白日焰火》后再考虑要不要彻底拉黑刁亦男。（此处是修改后结果。还是拉黑刁亦男吧！他那套东西虽然生猛，但我还是要人额，如果你拍木偶戏或是歌仔戏/布袋戏，我会去看的。就这样。）
小糖人,20,较差,2019-05-21 05:24:35,还是想说两句吧。如果你对片子的期待是有紧张刺激剧情的片子那这个期待是错误的。这是影像风格十分强烈的电影，画面水平绝对是超级一流的。剧情方面不要有太多的期待。至于大家一直想问胡歌的演技，就。。如果你觉得片子不好看也不是胡歌的错，导演本身压缩了演员发挥的空间。如果横向比较那胡歌和廖凡比，就好比你和刘翔跑110米栏。廖凡一个眼神都比他有戏。电视表演和电影表演不是一回事，隔行如隔山，电影和电视是两个行业，囧雪演电影照样扑街
灰色堡垒,20,较差,2019-12-06 17:02:28,不知道是不是我熟悉南方的原因，感觉《白日焰火》里面的东北很有味道，这次的南方就浮于表面，连演员的语气都不太对。而且形式感又太夸张，有点像拍《天注定》时候的贾樟柯。而且我实在想不明白：桂纶镁在警察面前带着钱去找匪徒的老婆是怎么想的？
NO.11,10,很差,2019-12-06 12:48:41,太烂了，胡歌有演技吗
一道弧线有七彩,10,很差,2019-12-07 13:19:52,硬件上剪辑、声音也很有问题。
东湖美景,10,很差,2019-12-06 21:23:11,其实宾馆杀人那场戏在剪辑上有些问题，并不连贯.。
占逗鸡,20,较差,2019-12-07 05:24:51,只要有一息尚存，吃面就得加辣添醋。雨夜里平地一声枪响，脸都没露的警察应声倒地，末路狂奔的胡歌长着一张张鲁一的脸。还没为无辜逝者默哀三分钟，就盘算着拿余生换30万弥补妻儿，小混混做的可是一本万利的买卖。车站外河塘边城中村里，阳光照不到的地方有人图财有人索命，留给9号球员的时间不多了，还剩最后一发子弹不足以撑到加时赛。刁导花式模仿秀，唬得住别人骗不了我，在又一场大型刻奇中拥抱凛冬。
[已注销],10,很差,2019-12-07 01:44:14,导演对城乡结合部、城中村有误解，武汉那种地方在现实的时候都是征地的热门地点，真的没有这么乱啊！大家及时收入都挺好的。拍的跟阿根廷有毒贩似的，现在那种地方表面的治安都很好，好吗？有这样规模的打斗，肯定会上新闻或者是微博的，因为少啊。广电总局怎么批准这种电影上？
心生,20,较差,2020-06-13 20:57:13,……
Muto,10,很差,2019-12-10 09:55:59,倘若《白日焰火》还有拿情感说服观众的人物，那么在《南方车站的聚会》中便始终没有一丁点属于人的情感存在。刁亦男这次玩儿起了视觉魔术，且是一种简陋过时了的魔术。他在影像和画面上颇为放肆，却在塑造人物情感方面小心得过了头。身份是刁亦男这么些年一直在追寻和探讨的命题，从《制服》中投机倒把的小青年到《夜车》上名存实亡的女警官，再到《白日焰火》里的局外人，这些活在黑白两道之间霓虹色彩的人物于左右双重的夹击下还是不知何去何从。影片想要制造一种人物当下现状的游离感和不安感，殊不知严重模式化的剧情早已将人物的身份和命运上了色定了型。作者还是像个小孩一样对于“枪”有着致命性的迷恋，冰凉的机械感令他的这些作品仿佛一件件行尸走肉。倘若这就是所谓中国电影的未来，那么作为影迷我宁愿不与之为伍。
粪海狂蛆,10,很差,2020-03-06 16:15:16,说这部像胡金铨的你们是有多看不上胡金铨？真他妈滑稽~
Heidyroyal Tea,20,较差,2019-07-31 01:06:26,只学到了皮毛，然后只拍出了毛的尖儿上的一丁点儿灰。
Flo的柴废了吗,20,较差,2019-11-29 07:08:04,实在是喜欢不起来 角色一个都没立住 景选的也像学生作业 本来可以更好。
偏时差,20,较差,2019-12-10 21:13:59,預告片比較好看⋯視聽是優秀的，有幾個場景的設想也有意思，但⋯所有人物面目模糊，不知道要講什麼，我該看什麼，看完有一種什麼也沒看的幻覺，留下幾個覺得拍下來做海報很漂亮的場面。男女主角像從別的電影穿越來的，wrong casting加角色邏輯有問題。胡歌很努力但效果不好，這個角色也不好演，毫無根基，看了好久都沒法對這人物產生任何連結時，我都替他感到捉急了；桂綸鎂這次沒有很做作，但她的臉部線條太出色太凌厲了，尤其穿黑裙子戴帽子的裝扮，每一個鏡頭都與一切不在同一世界，毫無煙火氣，她的模樣和角色的職業以及角色的行為完全搭不上。萬茜相對比較貼地，最好的是曾美惠姿還有廖凡的那句愛馬仕，充滿了世俗的生命力。曾美惠姿鮮活得讓人離不開眼，可是她的戲就那麼一瞬間好難過
路明非,10,很差,2019-12-06 19:08:50,"被喜欢胡歌的舍友拉着去看了，看完满头黑线，在一星和二星徘徊，最后还是忍不住给了一星。
电影定位不清，结果拍出来的东西剧情片不像剧情片，犯罪片不像犯罪片。故事想讲什么也没讲好，江湖义气不像江湖义气，犯罪过程不像犯罪过程，打击犯罪不像打击犯罪，利欲熏心不像利欲熏心，就不知道片子的主旨到底是想讲什么。从犯罪片的角度讲，警察全程表现可以说毫无逻辑，你就看不出警察的思维过程。男主和女主也好不到哪里去，智商忽高忽低，一个简单的套居然要跑一部电影。镜头也很乱，好多镜头都不是必要的，例如表现胡歌神志不清的镜头，一两个镜头观众就能懂了，结果拍个差不多一分钟。音乐也很一般，很多音乐和乐器感觉使用都不是很得当。
总的来讲，这不是演技能救的电影了。"
池中物,20,较差,2019-12-07 16:42:54,日本犯罪老片古早味奇情+少许刻意的诗意符号+用力但不可观的布景美术就像几层轻薄不一的油乱混一气没有任何融合可言。胡歌不管被吹还是被追杀都是用一个扑克脸表情走天下 桂纶镁继白日焰火的东北话之后又用广场舞狠狠戳了我的HHP
[已注销],20,较差,2019-12-18 20:19:26,给老子爬
careful,20,较差,2019-12-10 10:41:21,真的不好看啊，没有灵魂的角色装腔作势的表演，各种大师的片段的模仿，呈现全片堆砌的符号，转场来的生硬，无厘头的暴力呈现，动作戏的剪辑风格配乐也跟不协调，一秒出戏。
沁云,20,较差,2019-12-10 13:09:26,挺没劲的，带着新世纪大陆某些文艺片特有的县城范儿、黑暗感和迷茫感。不知道剧组演职员在拍的时候自己觉得没劲不没劲，可能还挺自我感动的吧。
tysky,20,较差,2019-12-07 14:06:59,平庸而导演不知其平庸
日沉阁,10,很差,2019-12-06 10:44:15,不及白日焰火远矣，画面表演都生硬
衫弃,20,较差,2019-12-07 06:10:50,刁亦男需要学学克制才华了
白夜,20,较差,2019-12-06 12:08:36,地球最后的焰火
酷爱电影,10,很差,2019-12-07 07:55:48,太让我失望了！无趣到让人犯困，老套情节，演技平庸
小软软,20,较差,2019-12-06 15:50:59,形式大于内容，形式还不好。失望。
慕祺海Perkira,10,很差,2019-12-10 21:59:43,0 6号晚上去看的，从电影院归来后感觉我是看了一部又土又俗又Low的电影，《今日说法》的电影版既视感，同样的并没有觉得刁亦男有多牛逼，只觉得这片子拍的太乡土了。可能是破败的房子和新农村的既视感，让这一类电影即便有优秀的视听语言，在我这的第一印象还是比较电视剧感观，比较俗的。两个噱头是所谓的暴力美学和逃亡打斗戏吧，却感觉正契合了影片的商业化考量，少了独立电影的“往里深挖”，更显眼而不是更内敛。感觉上，混混内斗和逃亡就已经使影片的深度锐减，人性挖掘的不够深入，更显眼的是皮而不是里。我觉得是电影一开始讲这个故事，刻画方向上就偏了，堆砌了过多的杂乱的元素，电影最终的效果也只是伪严肃。
yan.,10,很差,2019-12-07 22:30:31,"对桂纶镁和胡歌挺有好感，但是这部剧太傻逼，编剧和导演脑子落家里了，是我看不明白还是剧情太2b？随便举几个例子1.胡歌老婆和桂纶镁去混沌等胡歌。没等到，然后弟弟死了？完事了？啥意思2.胡歌脑子乱了开了几枪为了解释很多东西在动，然后后面就清醒了？啥意思3.最后吃面，6个人在外面堵他？然后跑了？4.桂纶镁跟谷歌老婆一前一后，警察没发现？5.胡歌和桂纶镁绕啊绕？讲啥呢？最后去船上来一下？搞毛呢？6.跟桂纶镁前前后后去了至少20个地方，一个人没发现他？编剧导演，整部剧你到底再讲什么，剧情拖沓墨迹尴尬，真垃圾"
半日闲,20,较差,2019-12-06 23:05:56,一个瞬间，头没了;一个瞬间，中枪了;一个瞬间，伞捅到肚子了。这种突然那么吓人的电影一点都不适合我，也不适合电影院看，嗯。好在哪也不知道。
富贵儿酱,20,较差,2019-12-07 06:45:50,我是真的不喜欢这种
孤岛影者,20,较差,2019-12-06 14:45:41,两星半。期望太高结果就看到了一出“邪不压正”样板戏，简单地说：导演越来越会用黑色元素，同时也越来越不会拍电影了——还是最喜欢刁亦男导演的处女作《制服》。不过，这位国内最会拍冷的导演这次拍出极佳的雨戏，然而脱离夜晚与红光就毫无看头了。走马观花的市井呈现，功能作用的角色过场，莫名其妙的颅内闪回。看完记住的地方不多：①喜欢胡歌桂纶镁见面一场的状态和调度；②当然董劲松的镜头一直多很喜欢；③呈现几处国内审查过后的暴力美学。亮点不少但都散于各处，鱼龙混杂这词用的好，说的不是环境而是电影本身。演员除胡歌外都不在状态，而个人又觉得胡歌不适此戏，但依然值得称赞。
章鱼,20,较差,2019-12-06 12:02:43,故弄玄虚
小V,20,较差,2019-12-06 21:42:29,老子看不懂喔！好压抑，压力好大，像加班！
道林格雷,20,较差,2019-12-09 12:59:22,必须承认的是，拍得很美，光影的运用，背景音的运用，以及粗糙的市井气都让屏幕上呈现出来的影像非常迷人，尤其是透明雨伞上开出的血花，简直棒极。但是！再迷人的影像都无法掩盖故事的苍白和人物的单薄，导演大概是想从周泽农引申出对善恶的思考，但是全程无力，除了感官上的刺激外毫无触及人心的东西，抛开拍摄手法，像在看一出皮影戏。还有就是，老胡，你真的……算了，就算你演成这样，妈妈能怎么办呢？妈妈只能把你原谅。谁让妈妈爱你。比心。
蓝谷的风儿,10,很差,2019-12-06 22:40:39,万万没想到啊，年度最差观影体验居然给了这部。无限制地贩卖小县城肮脏丑陋又光怪陆离的景象，刁亦男太想在国际电影节上给老外看些能出风头的东西了，以至于近乎谄媚了。过于追求风格反而失去了风格，只能在各种模仿与致敬中保持一种尴尬的姿态。几个主角更是与环境格格不入，也就桂纶镁的角色在后期慢慢渐入佳境了。
浮槎,20,较差,2019-10-21 10:52:58,所谓金棕榈入围实属雷声大雨点小。电影节奏比较糟糕了，给人一种炫技也没炫好的感觉。两个主角的角色都没有塑造好，胡歌用力过猛，偷车贼演得像卧底警察似的，桂纶镁个人色彩太浓，演什么都只见桂纶镁不见角色。从两个主角身上我相信不了这是一个背上人命的逃犯和一个陪泳妓女。台词也有很大的问题，一半的时间我需要靠英文字幕理解他们说的中文。
烟波人长安,20,较差,2019-12-28 12:55:03,真的挺无聊的，男主又不是什么多有个人魅力的角色，还想拍出大佬的范儿是怎么滴？看到后来我只想警察赶紧抓住他。太无聊了，找了这么多演技派拍这么个故事简直是浪费。
仲夏之门,20,较差,2019-10-28 20:46:03,#4thLEAFF#前景（狂噪如游乐场的光影戏法）与后景（人物被环境掠夺后的迷途困窘）严重割裂导致了从情节设计到人物活动在片中的全方位失真。即便架设了不少极富想象力的桥段（滴血佛坠，夜袭动物园，废楼追凶）来补救这一颓势，也未能加深与观众的情感交流。形式固然可以凌驾于内容之上，但必要在始终准确、系统化的美学组装逻辑和心理驱动下才能显出最大功效。回到本片来说，表象惊艳不等于创造力出众，腔调外露不等于眼界高明。哪怕前卫的造型意识已足让人观感深刻，这种耽于浅层戏剧性打转，和隔除对底层生态的真正洞察和了解，一味依赖概念提取的走捷径做法，和整个团队为城中村空间存档的出发点根本就是背道而驰。
我不叫小c,20,较差,2019-12-18 01:21:13,哦？
瞌温昆,20,较差,2019-12-07 19:48:49,像是拿一个35mm镜头从头拍到了尾，刻意的调度、粗糙的混音、人工感极强的低调布光，每个人的表演状态都处在一种故作姿态的压抑中。没有一场戏能把观众带入到影片的节奏里，在可怕的、没有张力的真空地带，影厅里响起了此起彼伏的电话交谈声。
马卡龙的夏天,20,较差,2019-12-14 15:58:06,观影过程中我一直在告诉自己，中国很大，中国有很多我们不熟悉的角落，有很多我们不了解的阶层。所以我忍着耐心观察着那个电影叙述的南方四五线城市里混乱、贫瘠、怪异的城乡结合部，忍着耐心听着胡歌、桂纶镁们顶着一看就不像底层人民的脸和身段，说着不只是哪里的怪异的南方口音。直到我看到主角们走进了一个破旧的马戏团，里面出现了一个给钱就唱歌的瓶中女，我忍无可忍了。知道您们是为了去戛纳拍的应景作品，但也不能为了满足洋大人们的猎奇心理这么谄媚的作践大家生活的场景吧。这里面强行表现出的社会景象：贫穷、破败、恩仇，大多是臆想的，与《钢的琴》这类作品相比就是个fake好嘛。
艾弗砷,20,较差,2019-12-07 19:48:24,"不少场景有卡罗尔•里德的风格，楼道追逐戏的打光让人想起《第三个人》，而主角开篇中弹、警方悬赏捉拿这个主线跟里德的《虎胆忠魂》如出一辙，不过，同样是通过逃遁的主角闯入的不同场所来展示社会的断面，同样是用赏金挑起人内心的角力，刁亦男却欠缺了里德那冷静中的绝望和处处暗藏的弦外之音。
电影的主角是城中村各类建筑装置，大概以后人们提起这部电影的野鹅塘，就会跟提起《省港旗兵》的九龙城或者DC的哥谭市一样。人物塑造乏善可陈，全靠场景来撑起故事。
总体来说观感并不好。刁亦男此前影片的张力都来自他作品中人物的私密世界与其社会角色之间的反差和冲突。这一部完全弱化了人物塑造，算是新的尝试。可惜不太成功。"
dfhdfj,20,较差,2019-12-06 22:30:07,确实只值17块钱票价，胡歌演电影和周冬雨演电视剧一样，毁了一切。
blue,10,很差,2019-12-06 20:57:02,一流的主演，黄金的配角，煞笔的电影
蓝詹,20,较差,2019-05-19 06:29:26,#72ndCannes#第十一场。刁亦男太过自说自话了，电影的表达建立在符号之上，这套手法在拍得出神入化的同时也隐晦到了令人兴趣缺缺的程度。音效没平衡好，后期做得相当草率，湖北话又说得像四川话……影响观感的小毛病太多了。胡歌不够出彩，但问题不全在于他，是刁亦男刻意压缩了演员的功能。
四两,20,较差,2019-12-18 00:04:19,桂纶镁只是给胡歌口了一发而已 但脸上的表情就和上了一样 这片子差不多也是这个情况吧
蟹‖無駄,10,很差,2019-12-07 12:59:04,"影片开始半个小时 我开始思考要不要直接去隔壁看星际探索 实在时间合不上不幸看完全片 我想把第二天看白日焰火的票退了
关掉短评页面 看一眼我刚点的两星实在煎熬点开改成一星"
waiiiiiii,10,很差,2020-02-05 22:24:35,"桂纶镁不像陪泳女 , 方言出戏 , 故事空洞 , 无聊平淡 , 一点也不好看"
Troubadour,20,较差,2020-04-27 07:13:23,竟无法分辨胡歌和桂纶镁的表演谁更糟糕，两个人的共性问题就是明星当太久了，都快忘了正常人怎么行动和说话，下意识就在找镜头凹角度。两个人都收着表演，导致对手戏毫无张力。胡歌的表演是故作深沉和忧郁却毫无层次感，结尾已经是一个亡命之徒，还展现不出丝毫的戾气和攻击性，这合理吗？桂纶镁更是延续了《白日焰火》里的要死不活，但是等等，您可不是什么良家妇女，而是一个跑码头出卖色相的陪泳女，她面对男性的时候一定要有婉转承欢的媚态呀！导演真的应该先让这俩人去县城体验三个月生活，看看底层人究竟怎么吃饭，怎么背包，怎么走路，有怎样的表情和神态。说白了就是刁亦男选角失败也不会调教演员，简直怀疑这俩水货有没有写过人物小传。至于故事本身咱也不提了，没有一个人物是立得起来的。总之还不如《白日焰火》就是了，白瞎了这么好的摄影。
MercerSohn,20,较差,2019-12-14 19:36:43,电影全程很聒噪，上一次这么噪的还是敦刻尔克。糟糕的剪辑让一个平淡且简单的故事显得混乱。农行真的是乡镇县第一大行。
曼乔妮,20,较差,2019-12-06 13:48:25,剧情其实比较单薄。胡歌演偷车贼还是不够像，大概是长相身材太正了。桂纶镁演啥都是一股子倔强清冷劲儿，看多了腻，头发还那么短，陪泳女想想也不可能是她这样的。倒是配角们演的都还不错。好多刻意的符号式的镜头，不服务于剧情的推进，显得比较做作。
江湖骗子,20,较差,2019-12-13 14:07:13,全员面瘫，弟弟死了没表情搜包反而犯羊角风，偷摩托的像教父一样有逼格陪泳女这么清高能接到生意吗，故事线也莫名其妙咱也不知道体现了啥
不玩豆瓣,20,较差,2019-12-06 21:38:23,"怎么感觉还是《吹哨人》更像黑色电影呢……

汤唯才是真正的蛇蝎美女啊，又美又夯又坏又狠
而且最后是挂了（蛇蝎美人的设定）反转也是一个接一个，且都在逻辑上。

还是形式大于内容 形态做得太足了 太足了
而人物塑造都那么符号化 空洞乏味
胡歌就像个美丽的没有表情的精致人偶在事先精心设计打造好的各种光影和场景里穿梭 、走位，摆出各种设计好的造型pose，桂纶镁也是如此，（走位）仪式感十足……
各种低垂夜幕 各种霓红灯看得我眼都要瞎了
奇观没有 惊喜也没有
抱歉，做为一个普通观众，欣赏不来，完全无法认同 和电影中的人物同呼吸共命运？完全无法共情。不喜欢
ps：导演们下次可以不要再让女演员在电影里抽烟吗？……一根接一个，文艺不是这样子的，拜托"
冢,20,较差,2019-12-12 01:30:33,年度第二烂片吧 非常过誉 电影想要得奖的心呼之欲出，这和暴力黑色美学没有任何关系。 作为文艺电影，需要的情节或者说那种纠葛 表现的不如乌蝇兄弟之间，女主角太难看了毫无韵味与人设不符；作为商业电影，剧情看起来毫无爽感，流畅度很差，反而很沉闷 剧情的bug太多 不是一个完整的故事；作为剧情片，太多没有说清楚的事情，观众是来看电影听故事看别人的人生的，这点基本的功能都没有，谈什么立意与深刻，让观众如何计领会你的so-called 内涵。两星 5分 打给卖力的胡歌. 导演被我拉黑了
歌無岸,20,较差,2019-12-07 21:17:17,表演和导演很一致的刻意。看评论拿这个和江湖儿女说。云泥也可以一说吗！
JAYIING,20,较差,2019-12-06 13:34:33,期待值过高导致的失落
白玉京,20,较差,2019-12-18 00:36:39,警察水平真差，人已经丧失反抗能力为什么要补枪？
开心快乐每一天,10,很差,2019-12-08 21:44:48,终于有时间看了，廖凡演技一贯在线，但是胡歌的表演与廖凡没在一线上，服化造上强调了沧桑，看到了脏兮兮缺眼神里沧桑感。让电影的感觉出现了分裂。
天马星,20,较差,2019-06-01 22:22:39,胡歌和桂纶镁一出声我就忍不住要笑，这部戏最喜感的恐怕就是口音了，不知是福是祸，对于武汉人来说倒是有一种异域风情式的疏离感，就像灵魂出窍。说回电影本身，形式远大于内容，无论打光运镜布景都非常有趣，院线版删改得支离破碎，只剩视觉奇观了。
Remedios,20,较差,2019-12-06 11:55:04,"印象深的镜头是隧道割头，动物园，筒子楼枪战，剧情方面没有一个给我印象深的，除了桂纶镁有性张力的几
个镜头。我是真没想过这部要多好，但起码得及格，但现在看来，这部会让我开始怀疑刁亦男的导演风格，以及现在最大的怀疑是胡歌的演技。有点生气，觉得这部电影不该如此。"
抛抛小安,20,较差,2019-12-07 18:42:17,有时候搞不懂豆瓣打分了，期望值很高结果看了差点睡着，情节太单薄…
泡芙🐈,20,较差,2019-12-07 09:31:17,说实话 吹过了
701,20,较差,2019-12-08 20:22:34,看完之后自己去吃了一碗烤冷面，胡歌估计都没我这么饿
孟三哥,20,较差,2019-12-07 01:12:49,形式大于内容，导演风格强烈，男主表演空间被压榨到极致，说白了就是一个工具，完成导演的要求就行。没有情绪没有内心戏，只有肢体语言，靠动作去演。这不能怪他。唯一亮点在桂纶镁。
郑雅兒發了訊息,10,很差,2019-12-06 22:56:04,故弄玄虚，非要弄得很有深度的假象，其实很平淡，不知道导演想表达什么，实在欣赏不出其中的内涵，近期看过最烂的一部电影。
相当S的S,20,较差,2019-12-11 16:59:14,难看，影院空调过热，让人如坐针毡
蒙蒙细雪,20,较差,2019-12-11 08:42:23,对于这样水准的电影来说，7.5真的让人匪夷所思，电影让人昏昏欲睡，胡歌演技也真的是一言难尽，还是回去演电视剧吧，电影真不适合他。
江湖骗子,20,较差,2019-12-06 22:25:03,这种片子我真的接受无能，非常形式，非常割裂，非常做作，真的是另一个地球最后的夜晚，哪哪都像。
季棠棠,20,较差,2019-12-16 17:40:33,也有可能我没看懂 但是确实看着乱糟糟的 剧情、剪辑或者故事内核 奔着胡歌去的 结果一周多了 到现在印象最深刻的反而是底层警察的不易和心酸 不管呈现的有多惨烈 电影展示的年份我也不一定全部了解 或许也有艺术的加工 但是至少祖国七十周年的时候 我们身边爱和欢乐幸福是主基调 希望去国外参展的影片 多方位乐观全面的展现中国 不管是见微知著也好 或者是以大见小也罢 加油！！
雪🌨,20,较差,2019-12-06 12:30:24,廖凡我心中的男神哦，白日焰火也好，一半冰山也好，很多人说看不懂，浪费了廖凡的演技。这时候我还会逐条跟他们分析。南方这电影就真的没办法了，逻辑叙事真的是硬伤。
24city,20,较差,2019-12-17 10:02:04,不知道为什么，只有下九流、脏乱差，穷凶极恶，血污暗黑，大家才认为是真实，才是真正讲述中国故事，可能都跟国外评委口味一样吧，心底自带一种偏见和误解。从来不认为不能拍落后和黑暗，但请好好讲一个故事，而不是带着迎合的功利心，去炫技，去极端，去模仿。
Gökotta,10,很差,2019-12-11 00:35:12,看完整个人都不好了，莫名奇妙干了警察一枪👮🏻，毫无血性的大哥，故事满满的槽点，莫名其妙的陪泳女，荒谬绝伦
Strive·J,20,较差,2019-12-16 17:01:25,我是真的没看懂，行搞不懂这个故事情节。为撒评分还不低？
东遇西,10,很差,2020-02-09 09:44:26,编、导、演......俱烂，且有种徐浩峰老师又拍了部黑帮片的即视感
慕詩,20,较差,2019-12-08 23:17:43,欣赏不来。
折扣区腊肠小狗,20,较差,2019-12-07 13:13:27,"熟悉又陌生的口音对于四川人来说感觉太奇怪，两位主角的演技和外貌又端端地脱离了“现实”的图层，飘忽不定的眼神让人难受（桂纶镁那抽烟方式实在迷惑…）。群演要么就太用力，要么没使力，表演让整个观影体验都浮了起来。
因为脱离真实的市井太远，电影也无力地荒诞着。"
lynnlin,20,较差,2019-12-16 20:52:35,两星半，镜头不错，但故事线不是我喜欢的
Libraso,10,很差,2019-12-16 17:34:06,太血腥了
Chris  一切由无聊开始,20,较差,2019-12-07 17:16:11,有些亮点，但这些亮点还真不是特别有原创性。缺点也很多，剪辑是个大问题，配音也不行。感觉这导演也不容易，所以心目中不及格，但打分给3星。后来又看了看，改成2星，编剧导演还真是不够智慧。
抱抱,10,很差,2019-12-09 19:26:16,看完之后我和我的男朋友都愤怒了。“我从来没有看过这么烂的片子”——男朋友原话。看完之后的我也是很一言难尽，因为从来没想到会这么烂。这个比刁导原来的《白日焰火》差了不止一百部毕赣。拍大腿啊，早知道这一届导演都拐到毕赣那条道上了你们就跟我说啊！你这跟我整啥呢！浪费我100块钱！日本B级片+毕赣=南方车站的聚会。在国内看电影真是他妈的技术活儿，你很难选到还可以的片子，太让人伤感了。另外，暴力美学这个词汇求求你们快别用了，用烂了，人昆汀他妈现在都不玩爆血浆那套了还美学呢。
礼玄之,20,较差,2019-12-16 20:52:13,"很失望。
没有出彩的剧情，用一些镜头吓吓观众，就这样了吗？"
[已注销],20,较差,2019-12-06 11:34:01,别吹了 又是黑色风格 不断闪回 中近特写居多却讲了一个俗套的故事 主角都没什么情感 配角当然更没了  配角以廖凡为首的又是被动型警察   最卖力的大概是配角小混混们和替身 动作戏好看  骇人
春前火,20,较差,2019-12-06 19:32:43,一般吧，没达到预期。
[已注销],20,较差,2019-12-11 20:07:26,电影主题是奉献吗？临近结束接了个电话瞥见指匠情挑的结尾啊！中间有段成吉思汗的迪斯科舞曲，三十万赏金就可以让狐朋狗友尔虞我诈，日本金色梦乡那种逃亡，散沙化原子化网格化之后，逃到那里去呢？
花俊悠,20,较差,2019-12-06 18:43:04,廖凡和另一个不会演戏的应该互换下角色。不怀好意地揣测这是奔着拿奖去的。知道什么是“景观中国”了。
jiejie,10,很差,2019-12-06 18:12:56,"要不是带了杯咖啡肯定能睡过去，太闷了。
主角演技不行"
柴禾-ChaiHe,20,较差,2020-03-10 21:14:16,生硬依旧.....镜头把控得过于干净也是反衬了调度的干涩.....更加放大了表演的问题，以及环境声效他每一部都搞得不好
我可能是个演员,20,较差,2019-12-06 21:50:26,挺失望，并没有想象中那么好。剧情段落之间不连贯，感觉就是把很多东西直接一股脑堆进电影里一样。雨，影子，血，阴暗潮湿的环境，枪声等各种元素混搭。角色也不太理解，警察办案的方式更不理解。唯一让我觉得不错的地方是看到了点“低配版”暴力美学，有点昆汀的感觉，但也仅仅是有点。不过这种“低配版”见血和暴力尺度的片子，居然能在大陆院线看到，也真的很少见了。
Unbeliever,10,很差,2019-12-06 15:56:11,刁亦男毕赣化。毕赣、程耳、刁亦男可以组成一个“赣系电影”流派，或称之为“逼系”也可。本片和地球最后夜晚的拼盘食谱高度相似，并直接借鉴了其长镜头运镜，外加NWR的视觉风格。罪案的发展过程和白日焰火一样无聊又缓慢，一切只为最后一场铺垫。如果罪案本身的无聊可以解释为醉翁之意不在酒，那几乎占影片一半的那些空洞、扁平的装模作样是在干什么？毕赣好歹还能玩一点技术，刁亦男就只剩下更cheap的奇观展示了。另外动作戏我也看不懂，最开头胡歌单挑众人的动作设计简直就是007。但结尾房间杀人的调度和剪辑感觉像是郭帆拍的。还有中间大段角色接头/躲避的走位戏也是完全凌乱，就看到角色们在那里来来回回骚走位。大家虽然是拍艺术片的，好好研究下希胖的分镜有什么坏处吗？唯一不错的是胡歌的表演。桂纶镁全程overact让人喷饭
X,20,较差,2019-11-24 23:31:19,🙄
西林书院,20,较差,2019-12-07 07:15:24,吹过头了，真的不好看。
凌子本凌,20,较差,2019-12-06 18:07:08,好做作，故事和人物都好贫瘠，像是故意迎合电影节观众的作品，除了廖凡黄觉万茜之外，都很不顺眼，原本以为可以对胡歌改观，可这次发挥真的不行，还有桂纶镁什么时候能不那么用力啊？
理智与情感,10,很差,2019-12-09 23:08:36,1
沙弥,20,较差,2019-12-06 13:40:46,没看到胡歌演技的沉淀，以及剪辑、叙事、人物动机关系让人捉摸不透。
皎雒,20,较差,2019-12-06 11:59:21,总是有些电影看完了，你也不知道他在讲什么
定都峰,20,较差,2019-12-07 09:55:45,不好看，吹的太过
独新秀,10,很差,2019-12-16 17:56:33,"只有角色没有人物，只有剧情没有故事的电影里，能看到的只有外媒想看到的中国景观。 
       只看到了浓妆艳抹，装腔作势，不可一世 。太断裂，情感毫无连续，在充满刻意的桥段里卖弄自己的把戏。"
小飞带你飞,10,很差,2019-12-18 07:17:05,特别差劲的一个片子，我看到一半就开始王者荣耀了，剧情乱到一塌糊涂
UU123,20,较差,2019-12-22 00:57:28,各种刻意的混杂拼接。严重炫技。
内在城堡,20,较差,2019-12-07 06:06:05,让胡歌和桂纶镁来演城乡结合部的混混仔，真让人看着出戏，后面的几段ml场景，也看着生理不适。。如果说白日焰火足够揭示人性的话，这部制造不出那么强的代入感，毕竟主人公都是坏的。
Dido_Au是女妖,20,较差,2019-12-02 12:34:31,万万没想到
风清扬,10,很差,2019-12-08 21:36:26,这个电影纯粹是圈钱的！既然上映的时候刷到8分了！坑了多少钱去！！！！
独自退场,20,较差,2019-12-09 23:02:56,看了一个半小时的法制进行时。。。。。。。
叶会美,20,较差,2019-12-07 01:26:41,空洞单薄，不知所云。两位主演似乎不在故事中，只莫名沉醉在自以为是的表演中。
大喵,20,较差,2019-12-06 17:02:27,满怀希望但是md看都看不懂烦躁
盆栽少女,10,很差,2019-12-03 09:10:27,电影从头到尾血腥镜头很多，导演想把每个场景都拍出艺术唯美的感觉但是用力过猛，战斗之前的民族乐器真是画蛇添足，各种靠近大片的努力凑出来一部烂到不行的电影。
kesr,10,很差,2019-12-08 15:37:44,"我实在太讨厌这种故弄玄虚故意让人一头雾水的所谓“文艺片""了。桂纶镁完全融不到这个故事的气质里吧，""清冷""气质适合陪泳女？万茜廖凡的感觉才是对的。不过这个片能过审也代表审片尺度越来越宽松了吧"
bancy,20,较差,2019-12-09 01:03:21,得了吧，入围戛纳就一定是好电影了？个人认为比白日焰火差多了……不要因为国内上映不了大尺度的暴力美学影片，就争着抢着夸。首先，男女主跟故事人物的形象、气质差太远，分分钟出戏。其次，女主全程恍惚，看不出任何行为的任何动机，就像一个全程任凭导演和编剧摆布的傀儡。最后，这就是一个“穷人做坏事没有好下场”的普法宣传教育片，跟“悬疑”压根没任何关系，想看悬疑片的可以散了。最最后，高逼格的文艺片迷可以试着一看，也许你会喜欢。但对于我们这种只想看导演不装b地好好讲故事的普通观众来说，观影过程中有5个人提前离场也是可以理解的。
number-wan,20,较差,2019-12-07 23:07:07,桂纶镁演啥都是桂纶镁，面无表情清冷清冷的，胡歌的角色看到最后都感觉形象很模糊，或者应该说整个故事都像浮光掠影一样，看完除了几个把我吓一跳的血腥暴力镜头之外，啥也没留下来。
WIKI魏,20,较差,2020-02-07 23:02:50,光影调子很好，文艺片还是看不懂（估计还可能因为方言基本听不懂），记住了陪泳女、叉车和雨伞杀人
2g,20,较差,2019-12-06 22:25:42,我觉得，不值得一看。一个小故事嘛就
十二辰子,20,较差,2019-05-19 00:52:33,（虽然因为改星赞清零了两次 但我还是要改回两星 实在是看不过这波反弹 啥啥啥这都是 ）人物空洞扁平，唯一的作用就只是为了服务破旧城市中霓虹光影与廉价塑料的奇观。打斗戏也是一股马丁斯科塞斯早期B级片的低劣感。这片凭什么进主竞赛的？？？
乔哥,20,较差,2019-12-06 13:23:39,不会再看第二遍系列。也许“生猛”是最合适的词语。最后周泽农被警察围堵的一段，拍出了“穷途末路”的感觉。不过，看起来有些过于——“生猛”，一些片段会引起生理不适。最有趣的地方应该在于解锁了广场舞的新操作。
雲豆子散步,20,较差,2019-12-10 22:25:09,心疼素材，太多段落可以就自己生发成一个整片。它们非常美，就是跟这个片子一点关系没有。感觉导演走神或者被夺了魂。
Déesse,10,很差,2019-12-08 13:22:17,有史以来，唯一一部把我看睡着了的电影，没有之一！豆瓣评分造假水平已经到了如此丧心病狂的地步了吗？也好意思提什么暴力美学，看过北野武吗？除了那把传肠过的雨伞，简直毫无亮点！致于剧情，我已经宽容到不想多说他的槽点了，如此一星也是不能再高了！
🌸,10,很差,2019-12-06 16:39:35,不知所云，无聊的电影。
飘然若流星,20,较差,2019-12-10 16:57:23,形式大于内容，剧情实在太拖沓了，关键是没有主题，或者我get不到要表达的主题。都是符号化的镜头语言堆砌，实在是味同嚼蜡。胡歌演技比伪装者有进步，但有限的很。桂纶镁一如既往的好，可是落在这部片子里真是浪费又可惜。
AJ.Chen,20,较差,2019-11-24 16:19:10,我实实在在的睡着了……而且我还要靠看英语字幕才能让懂说了啥
哈比,20,较差,2019-12-12 01:55:36,我是因为胡歌才看这部电影的，但是这部电影没有教会我什么，除了胡歌在里面展现了他的肌肉和颓废的状态，然后负伤还打死了那么多坏人，很勇的样子。可最后也挂了，也没什么反转。我觉得挺没意思的。
十万蜡烛香蕉船,20,较差,2019-10-02 08:49:25,还不如看南方公园 #nyff57
V0ID0,20,较差,2020-02-14 00:18:49,为什么要拍这个呢……
Vic,20,较差,2019-12-08 16:09:34,全程一个念头：胡歌好像张鲁一
加荼的生存日记,20,较差,2019-12-06 13:03:53,拼凑感严重。整部影片的呈现于谐谑喜剧、黑色血腥、唯美摄影的风格之间来回切换，时断时续很不搭调。凭靠旧场景里的文艺有时还不如坦白明亮的商业片真诚。
维纶吃牛蛙,20,较差,2020-02-23 16:04:33,1、用堆砌符号的方法讲悬疑片已经在《地球最后的夜晚》试过了，不灵；2、大型猫眼宣传片；3、桂纶镁没吞下去不是真爱。
喜马拉雅的猴几,20,较差,2019-12-06 16:00:34,胡歌长的太乖了，而且演技跟几位电影咖比起来，高下立判
天罗小闲,10,很差,2019-12-08 00:49:00,小镇，边缘人，方言，暗色系，凶杀暴力，故弄玄虚。不伦不类的莫名潮流。
coco,10,很差,2019-12-08 19:42:23,请问电影的主题是什么？乏陈无味，故弄玄虚，所谓的细节是想表达什么主题？人设没有特点，好与坏，黑与白，情与义，到底get到哪个点上了？浪费时间，毫无营养
三毛,20,较差,2019-12-08 19:12:05,这是啥……文艺片吗？？？还我的桂纶镁……万茜挺好看，剧情不评论，3个人看的如坐针毡……影院一片讨论声，朋友说不如把灯打开大家一起讨论……
王星眸,20,较差,2020-02-06 21:24:34,也许是期望太高，四个让人肯定的演员加上我家乡的方言，对这个故事充满了期待。首先要肯定的是演员们的语言功力，真的毫不逊色。色调真的不喜欢，湿漉漉的南方城市的橘色街灯让人在冬天看来，怎么都感觉不适。故事其实并不如剧情简介写的那样清晰，节奏缓慢，南方人的失望摇摇手不想聚会了。
唐沢FEB,10,很差,2019-12-06 17:53:48,一星 分给廖凡和曾美慧孜 如果他俩戏份再多一点 可以一人一星 不中途尿遁离场已是我给这部电影最后的尊重
于山南水北,20,较差,2019-12-06 19:32:46,导演想的太多，除了廖凡，其他人并不能表达人物
_恰似玛丽莲_,10,很差,2019-12-10 23:56:11,太难看了 且 为什么要说武汉话 我们武汉人怎么得罪导演了。差评！一星给桂纶镁的武汉话…
小枫,20,较差,2019-12-06 15:27:34,当男女主角都撑不起一部电影的摄影风格时，这得多尴尬啊！两星全部给摄影。刁亦男的缪斯怎么就能是桂纶镁呢？
藤井树,20,较差,2019-12-06 21:30:37,节奏太乱，片子又很长，沉闷无聊到数不清我打了几个哈欠的程度…
百岁无忧,10,很差,2019-12-07 01:05:59,不好看
BH,20,较差,2019-12-07 00:49:15,浪费钱倒不至于 但不合口味的拖沓真的浪费我时间了。迎合国外影评人的中国底层群众故事 用这场多方聚会解读人性命运挣扎救赎真的非常尬。低俗的我还算喜欢老胡给自己绑绷带拿枪各种瞄的那段还有野湖塘上的被剪船戏。警察穿着发光鞋跳广场舞守株待兔那段也算剑拔弩张一触即发。其他的 省省吧 这个故事真的很烂 暴力镜头也不美 何况拍摄技巧又不是电影的灵魂
在你身体里冲刺,20,较差,2020-02-10 15:34:16,尽力坚持了一个半小时，最后二十分钟实在坚持不下去了
shoooo,20,较差,2019-12-07 02:47:10,一个莫名其妙的故事，到底是什么样的偷摩托车团伙随便就有枪，还动不动把人干死啊？！
Ying_0111,20,较差,2019-12-06 22:22:28,当成文艺片很尴尬，当成犯罪片很无聊。今天看的这三个烂片，竟然都不如塞隆那个迪奥香水广告好看。郁闷啊……
九個9,20,较差,2019-12-08 18:49:41,原来胡歌的演技和廖凡之间差了好几个黄觉
天霸,20,较差,2019-12-06 20:56:33,"凭什么预售爆场！！！
讨厌导演的恶趣味，非常非常刻意地在营造紧张氛围。。"
Garçons,20,较差,2019-12-17 00:43:20,胡歌在电影里出现的表情 都给人一种沉重感  演得最好的一段通过是吃面那段 总体来讲比较差 除了胡歌表现人物的方式设定有些问题  电影故事性不高作为文艺片是可以容忍的 但却没有清晰的表达出一个主体想要表达的东西  使观众具有思考背后的意义 拍一部让观众没什么反应的电影 就相当于耍流氓  导演究竟是想去表达暴力 还是粗鄙的一类人 还是一个群体的  看不出来。    一个血腥镜头 你就能昆汀扯上关系 有关于警察破案 就是悬疑片 这年代钱可真好骗
王多鱼,10,很差,2019-12-06 20:22:26,什么垃圾电影？这一分是给胡歌的，其他不配，剧情真的是烂的不行。
楚恻,20,较差,2019-12-08 00:05:09,按耐一颗文艺青年的心是如此的困难，如果加上学院派就要了老命了，看得出导演想把一些经典的叙事和镜头语言倒出来，浇给观众，像是在说，我看了很多电影哦，这真是这种文艺型导演的臭毛病，当然你可以说风格化，但是，这是一部犯罪电影好吗？一个吃面的镜头，我特意看着表掐了一下，大概用了半分钟。
babynana,20,较差,2019-12-10 19:13:10,女人成了淫具，看完想骂粗话。室内搏杀拍得很刺激，但除了刺激就没别的了。
电波系少女S,20,较差,2019-12-08 23:38:33,完全不知道这种电影存在的意义，用脏兮兮的破旧场景堆出来的不一定就是好电影
像柯南一样思考,20,较差,2019-12-07 13:44:06,为什么没人讨论剧情，都在讨论美术和场景？是因为剧情太无聊所以没有值得讨论的点？
oranGil,20,较差,2019-12-07 02:05:27,这个月最期待的一部电影，奔着胡歌去看的，却有些失望。剧本设定里，周泽农怎么也算是领头之一，但怎么看都像个无勇无谋的十八线小混混，至少这个角色的诠释不应该是顶着文艺片标准颓废脸这么简单粗暴的。如果廖凡和胡歌的角色互换，可能会截然不同，廖凡的身上沉淀了一种很复杂的东西，但这恰恰是胡歌所不具备的。即便演一个平凡的警察他都能通过自己的解读完全的融入角色。至少在这部电影里，我确实没有看到一个有血有肉的周泽农，情绪的转折相较之下还是挺生硬。剧情方面也有些过度刻意，近乎荒诞的暴力美学到底想传达什么？全片充斥着不协调的怪异感
Vicbourne,20,较差,2019-12-06 11:51:07,颇具社会学价值的底层社会图景：荒败的南方四线小城，昏聩无望的人，不是生活，只是生存。粗野、强蛮、凶戾，间或有一瞬间的人情温暖，但绝大部分都是无希望、无原则、无人性的恶……脱去大城市的光鲜，生活的背面满是不堪
异端云术,20,较差,2019-12-07 22:15:01,难看 俩主角别扭
。,20,较差,2019-12-06 23:36:09,说是致敬吧大概还真是谄媚和迎合比较多，以至于到最后梭罗河的片尾曲已经有了恶心的感觉。环境渲染不错，但情节和情绪都比较糟糕；本来是可以给到三星的，但两位主演实在太烦人了，胡歌用力过猛，桂纶镁则反正她一出场我就后悔了！
阿树,20,较差,2019-12-21 00:46:49,1.5。從第一場戲開始，人物的走位邏輯就覺得不太妙。人物都太僵硬，對城市空間的想像，一看就是外來視角拍的。雨夜的調度也沒有想像中厲害，霓虹光有種廉價雷弗恩的感覺。無論影像上還是人物的處理上其實都蠻「糙」的，可能這就是導演想要的？比較有意思的是背景音用打板節拍希望製造出一種類似林沖夜奔逃亡的張力，靈感是來源熱愛京劇的胡金銓嗎，那劉愛愛則是這個當代江湖中的「俠女」，成為這個故事中的一抹溫暖的底色
青椒肥肠,20,较差,2019-10-28 05:35:14,乱七八糟的。
By the sea,20,较差,2019-12-06 21:05:34,好久没有在电影院睡着了。
小礼歌,20,较差,2019-12-10 17:00:38,不喜欢这种类型电影；让人看不到希望。
哒哒哒,20,较差,2019-12-04 15:23:58,Soso
juni,20,较差,2019-12-11 22:33:05,w/ ZL
云山,20,较差,2019-12-12 17:28:38,一点儿破事儿讲了那么长时间，镜头疲软无力，演员一片空白。胡歌适合在电视剧里当好好先生，不适合在大银幕上当逃犯。
噢哈哈哈哈哈哈,20,较差,2019-12-06 21:05:34,这太他妈散了吧，一节课的事
德,10,很差,2019-12-10 16:31:05,阿根廷🇦🇷九号胡•哥 对阵 武汉切•格瓦拉业余队 野鹅湖球场 胡•哥犯规被裁判廖凡哨枪罚下收场
果果儿w,20,较差,2019-12-07 09:58:38,支离破碎的情节，毫无节奏感的散漫，桂纶镁莫名其妙的表演，导演真是把故弄玄虚和做作发挥到了极致。
风乎舞雩咏而归,20,较差,2019-12-06 16:58:35,"节奏太有问题了，桂纶镁那个角色莫名其妙的。我不是武汉人都能听出演员蹩脚的武汉话
一颗星给的是在影院看到了血浆镜头，另一颗星给的是把武汉拍得还挺漂亮。"
包大公,20,较差,2019-12-07 14:20:46,2分。男怕入错行，可这个世界又有几个人真正找对了属于自己的工作呢？一辈子去做自己擅长的工作是艰难的，那得要靠运气，没有运气，那人生和作品都穿了帮，泄了气。比如王全安，陆川，又比如王小帅，刁亦男也没有逃过这一劫。电影说到最后其实是镜头与建筑的对话关系，南方的穷街陋巷被导演文艺的情怀所霸凌，为国际电影节定制的剪辑，风景，特写，打打杀杀甚至音乐，让人无暇玩味，对布列松和铃木清顺的戏仿，完全不在自己的可控范围内，不要说形成自己的美学系统，就是属于自己的那么一点美学特征也丢失殆尽了，看着片尾那么一长串的群众演员字幕，一声叹息。一分给动物园一幕，一分给胡歌在逃亡路上的空房间枪对着墙一幕。
李湘,20,较差,2020-02-10 23:12:43,十分的演员。三分的剧情。一分的剪辑。整体给两分吧。
鸡排饭加个蛋,20,较差,2019-12-07 13:38:32,胡歌的两段打戏仿佛进错了片场，桂纶镁躲避警察和周泽农时的反应让我看出了尴尬，随时随处冷不防的枪响及类似枪响暗戳戳的表达着导演的恶趣味，开篇断头及雨伞开面这两种杀人手法的宣泄式展现增强了我的观影不适，而猫眼对于路人毫无顾忌的一枪让我只想锁定本片表达内容的不及格，相反，进影院前通过波米得知此片的删减及后期补音事宜早已不再我干扰范围内了
顾乡,20,较差,2019-12-06 19:13:06,不是一般的难看。如果只是为了拍的好看，那干脆拍MV拍照片好了。周泽农大哥为啥没有道上的艺名？显得你很小清新？
哟          .,20,较差,2019-12-06 23:55:16,导演不仁，以万物为刍狗。每个演员都有种“我是谁？我在哪？我为什么要这么干？哦，因为导演让我这么干的。”的感觉。
希小想,10,很差,2019-12-05 21:30:38,不好看，就是纯粹的形式电影，很装，浪费时间了！
菊千代,20,较差,2019-12-08 08:22:02,导演极力塑造黑色幽默风格，飘忽的光影、荒诞的剧情、迷离的眼神、隐晦的对白，刁亦男的风格延续《白日焰火》，但是全部元素融合在一起时，互相之间产生非常巨大的干涉，它们非但没有共同反映主旨，反而适得其反，盖住了主旨而且越来越厚。
百歲巨星唐老鴨,20,较差,2019-12-08 00:14:20,胡歌全程让我脑补到张鲁一老师/ 廖凡说“还爱马仕”的时候我笑出声 那是范思哲啊！！！
狂甩十斤不是梦,20,较差,2019-12-06 19:48:45,不是很懂在干嘛，声音和光影都很刻意，看的我心情烦躁
